find_id,admin_division,place,period,denomination,material,issuer,mint,start_year,end_year,imported,owner,reference
47,Proszowice,Opatkowice,Roman (Römer),As (As) ,Bronze (Ae),Antoninus Pius (Antoninus Pius),Roma (Rom) ,145,161,17/03/2023,FRC-PL,https://coindb-prod.ocean.icm.edu.pl/AFE_PL/show_coin?coin_id=47
48,Proszowice,Opatkowice,Roman (Römer),Denarius (Denarius) ,Silver (Ag),Antoninus Pius (Antoninus Pius),Roma (Rom) ,151,152,17/03/2023,FRC-PL,https://coindb-prod.ocean.icm.edu.pl/AFE_PL/show_coin?coin_id=48
50,Igołomia-Wawrzeńczyce,Igołomia,Roman (Römer),Denarius (Denarius) ,Silver (Ag),Hadrianus (Hadrianus), ,119,122,17/03/2023,FRC-PL,https://coindb-prod.ocean.icm.edu.pl/AFE_PL/show_coin?coin_id=50
52,Igołomia-Wawrzeńczyce,Igołomia,Roman (Römer),Sestertius (Sestertius) ,Bronze (Ae),Commodus (Commodus),Roma (Rom) ,190,190,17/03/2023,FRC-PL,https://coindb-prod.ocean.icm.edu.pl/AFE_PL/show_coin?coin_id=52
53,Snyatȳvs'kȳǐ raǐon,Beleluya,Roman (Römer),Solidus (Solidus) ,Gold (Au),Honorius (Honorius), ,395,423,17/03/2023,FRC-PL,https://coindb-prod.ocean.icm.edu.pl/AFE_PL/show_coin?coin_id=53
54,Snyatȳvs'kȳǐ raǐon,Beleluya,Roman (Römer),Denarius (Denarius) ,Silver (Ag),Antoninus Pius (Antoninus Pius),Roma (Rom) ,138,161,17/03/2023,FRC-PL,https://coindb-prod.ocean.icm.edu.pl/AFE_PL/show_coin?coin_id=54
55,Snyatȳvs'kȳǐ raǐon,Beleluya,Roman (Römer),Solidus (Solidus) ,Gold (Au),House of Theodosius (Theodosianische Dynastie), ,,,17/03/2023,FRC-PL,https://coindb-prod.ocean.icm.edu.pl/AFE_PL/show_coin?coin_id=55
56,Gorodenkivs'kȳǐ raǐon,,Byzantine (Byzantiner),Solidus (Solidus) ,Gold (Au),Iustinianus I (Iustinianus I.),Constantinopolis (Con) ,527,565,17/03/2023,FRC-PL,https://coindb-prod.ocean.icm.edu.pl/AFE_PL/show_coin?coin_id=56
57,Kietrz,,Roman (Römer),Denarius (Denarius) ,Silver (Ag),Republic (Republik),Roma (Rom) ,81,81,17/03/2023,FRC-PL,https://coindb-prod.ocean.icm.edu.pl/AFE_PL/show_coin?coin_id=57
58,Czermin,Otałęż,Roman (Römer),Denarius (Denarius) ,Silver (Ag),Republic (Republik),Roma (Rom) ,91,91,17/03/2023,FRC-PL,https://coindb-prod.ocean.icm.edu.pl/AFE_PL/show_coin?coin_id=58
59,Czermin,Otałęż,Roman (Römer),Denarius (Denarius) ,Silver (Ag),Republic (Republik),Roma (Rom) ,,,17/03/2023,FRC-PL,https://coindb-prod.ocean.icm.edu.pl/AFE_PL/show_coin?coin_id=59
60,Czermin,Otałęż,Roman (Römer),Denarius (Denarius) ,Silver (Ag),Republic (Republik),Roma (Rom) ,79,79,17/03/2023,FRC-PL,https://coindb-prod.ocean.icm.edu.pl/AFE_PL/show_coin?coin_id=60
61,Czermin,Otałęż,Roman (Römer),Denarius (Denarius) ,Silver (Ag),Republic (Republik),Roma (Rom) ,49,49,17/03/2023,FRC-PL,https://coindb-prod.ocean.icm.edu.pl/AFE_PL/show_coin?coin_id=61
62,Rogatȳns'kȳǐ raǐon,Sarnyky,Roman (Römer),Denarius (Denarius) ,Silver (Ag),Hadrianus (Hadrianus),Roma (Rom) ,134,138,17/03/2023,FRC-PL,https://coindb-prod.ocean.icm.edu.pl/AFE_PL/show_coin?coin_id=62
63,Rogatȳns'kȳǐ raǐon,Sarnyky,Roman (Römer),Denarius (Denarius) ,Silver (Ag),Hadrianus (Hadrianus),Roma (Rom) ,134,138,17/03/2023,FRC-PL,https://coindb-prod.ocean.icm.edu.pl/AFE_PL/show_coin?coin_id=63
64,Rogatȳns'kȳǐ raǐon,Sarnyky,Roman (Römer),Denarius (Denarius) ,Silver (Ag),Hadrianus (Hadrianus),Roma (Rom) ,134,138,17/03/2023,FRC-PL,https://coindb-prod.ocean.icm.edu.pl/AFE_PL/show_coin?coin_id=64
65,Rogatȳns'kȳǐ raǐon,Sarnyky,Roman (Römer),Denarius (Denarius) ,Silver (Ag),Hadrianus (Hadrianus),Roma (Rom) ,134,138,17/03/2023,FRC-PL,https://coindb-prod.ocean.icm.edu.pl/AFE_PL/show_coin?coin_id=65
66,Rogatȳns'kȳǐ raǐon,Sarnyky,Roman (Römer),Denarius (Denarius) ,Silver (Ag),Hadrianus (Hadrianus),Roma (Rom) ,128,136,17/03/2023,FRC-PL,https://coindb-prod.ocean.icm.edu.pl/AFE_PL/show_coin?coin_id=66
67,Rogatȳns'kȳǐ raǐon,Sarnyky,Roman (Römer),Denarius (Denarius) ,Silver (Ag),Antoninus Pius (Antoninus Pius),Roma (Rom) ,140,143,17/03/2023,FRC-PL,https://coindb-prod.ocean.icm.edu.pl/AFE_PL/show_coin?coin_id=67
68,Rogatȳns'kȳǐ raǐon,Sarnyky,Roman (Römer),Denarius (Denarius) ,Silver (Ag),Antoninus Pius (Antoninus Pius),Roma (Rom) ,145,161,17/03/2023,FRC-PL,https://coindb-prod.ocean.icm.edu.pl/AFE_PL/show_coin?coin_id=68
69,Rogatȳns'kȳǐ raǐon,Sarnyky,Roman (Römer),Denarius (Denarius) ,Silver (Ag),Antoninus Pius (Antoninus Pius),Roma (Rom) ,149,150,17/03/2023,FRC-PL,https://coindb-prod.ocean.icm.edu.pl/AFE_PL/show_coin?coin_id=69
70,Rogatȳns'kȳǐ raǐon,Sarnyky,Roman (Römer),Denarius (Denarius) ,Silver (Ag),Antoninus Pius (Antoninus Pius),Roma (Rom) ,152,153,17/03/2023,FRC-PL,https://coindb-prod.ocean.icm.edu.pl/AFE_PL/show_coin?coin_id=70
71,Rogatȳns'kȳǐ raǐon,Sarnyky,Roman (Römer),Denarius (Denarius) ,Silver (Ag),Marcus Aurelius (Marcus Aurelius),Roma (Rom) ,161,180,17/03/2023,FRC-PL,https://coindb-prod.ocean.icm.edu.pl/AFE_PL/show_coin?coin_id=71
72,Rogatȳns'kȳǐ raǐon,Sarnyky,Roman (Römer),Denarius (Denarius) ,Silver (Ag),Antoninus Pius (Antoninus Pius),Roma (Rom) ,141,141,17/03/2023,FRC-PL,https://coindb-prod.ocean.icm.edu.pl/AFE_PL/show_coin?coin_id=72
73,Rogatȳns'kȳǐ raǐon,Sarnyky,Roman (Römer),Denarius (Denarius) ,Silver (Ag),Antoninus Pius (Antoninus Pius),Roma (Rom) ,141,141,17/03/2023,FRC-PL,https://coindb-prod.ocean.icm.edu.pl/AFE_PL/show_coin?coin_id=73
74,Rogatȳns'kȳǐ raǐon,Sarnyky,Roman (Römer),Denarius (Denarius) ,Silver (Ag),Antoninus Pius (Antoninus Pius),Roma (Rom) ,141,141,17/03/2023,FRC-PL,https://coindb-prod.ocean.icm.edu.pl/AFE_PL/show_coin?coin_id=74
75,Rogatȳns'kȳǐ raǐon,Sarnyky,Roman (Römer),Denarius (Denarius) ,Silver (Ag),Marcus Aurelius (Marcus Aurelius),Roma (Rom) ,145,160,17/03/2023,FRC-PL,https://coindb-prod.ocean.icm.edu.pl/AFE_PL/show_coin?coin_id=75
76,Rogatȳns'kȳǐ raǐon,Sarnyky,Roman (Römer),Denarius (Denarius) ,Silver (Ag),Marcus Aurelius (Marcus Aurelius),Roma (Rom) ,145,160,17/03/2023,FRC-PL,https://coindb-prod.ocean.icm.edu.pl/AFE_PL/show_coin?coin_id=76
77,Rogatȳns'kȳǐ raǐon,Sarnyky,Roman (Römer),Denarius (Denarius) ,Silver (Ag),Marcus Aurelius (Marcus Aurelius),Roma (Rom) ,161,162,17/03/2023,FRC-PL,https://coindb-prod.ocean.icm.edu.pl/AFE_PL/show_coin?coin_id=77
78,Rogatȳns'kȳǐ raǐon,Sarnyky,Roman (Römer),Denarius (Denarius) ,Silver (Ag),Marcus Aurelius (Marcus Aurelius),Roma (Rom) ,161,162,17/03/2023,FRC-PL,https://coindb-prod.ocean.icm.edu.pl/AFE_PL/show_coin?coin_id=78
79,Snyatȳvs'kȳǐ raǐon,Beleluya,Roman (Römer),Solidus (Solidus) ,Gold (Au),Gratianus (Gratianus), ,,,17/03/2023,FRC-PL,https://coindb-prod.ocean.icm.edu.pl/AFE_PL/show_coin?coin_id=79
80,Snyatȳvs'kȳǐ raǐon,Beleluya,Roman (Römer),Solidus (Solidus) ,Gold (Au),Honorius (Honorius), ,,,17/03/2023,FRC-PL,https://coindb-prod.ocean.icm.edu.pl/AFE_PL/show_coin?coin_id=80
81,Snyatȳvs'kȳǐ raǐon,Beleluya,Roman (Römer),Solidus (Solidus) ,Gold (Au),Honorius (Honorius), ,395,423,17/03/2023,FRC-PL,https://coindb-prod.ocean.icm.edu.pl/AFE_PL/show_coin?coin_id=81
82,Sokals'kȳǐ raǐon,Belz,Roman (Römer),Denarius (Denarius) ,Silver (Ag),, ,,,17/03/2023,FRC-PL,https://coindb-prod.ocean.icm.edu.pl/AFE_PL/show_coin?coin_id=82
83,Zhidatsivs'kȳǐ raǐon,Bertyshiv,Roman (Römer),Denarius (Denarius) ,Silver (Ag),Vitellius (Vitellius),Roma (Rom) ,69,69,17/03/2023,FRC-PL,https://coindb-prod.ocean.icm.edu.pl/AFE_PL/show_coin?coin_id=83
84,Zhidatsivs'kȳǐ raǐon,Bertyshiv,Roman (Römer),Denarius (Denarius) ,Silver (Ag),Vitellius (Vitellius),Roma (Rom) ,69,69,17/03/2023,FRC-PL,https://coindb-prod.ocean.icm.edu.pl/AFE_PL/show_coin?coin_id=84
85,Zhidatsivs'kȳǐ raǐon,Bertyshiv,Roman (Römer),Denarius (Denarius) ,Silver (Ag),Vespasianus (Vespasianus),Roma (Rom) ,76,77,17/03/2023,FRC-PL,https://coindb-prod.ocean.icm.edu.pl/AFE_PL/show_coin?coin_id=85
86,Zhidatsivs'kȳǐ raǐon,Bertyshiv,Roman (Römer),Denarius (Denarius) ,Silver (Ag),Domitianus (Domitianus),Roma (Rom) ,92,95,17/03/2023,FRC-PL,https://coindb-prod.ocean.icm.edu.pl/AFE_PL/show_coin?coin_id=86
87,Zhidatsivs'kȳǐ raǐon,Bertyshiv,Roman (Römer),Denarius (Denarius) ,Silver (Ag),Domitianus (Domitianus),Roma (Rom) ,81,96,17/03/2023,FRC-PL,https://coindb-prod.ocean.icm.edu.pl/AFE_PL/show_coin?coin_id=87
88,Zhidatsivs'kȳǐ raǐon,Bertyshiv,Roman (Römer),Denarius (Denarius) ,Silver (Ag),Domitianus (Domitianus),Roma (Rom) ,81,96,17/03/2023,FRC-PL,https://coindb-prod.ocean.icm.edu.pl/AFE_PL/show_coin?coin_id=88
89,Zhidatsivs'kȳǐ raǐon,Bertyshiv,Roman (Römer),Denarius (Denarius) ,Silver (Ag),Hadrianus (Hadrianus),Roma (Rom) ,118,118,17/03/2023,FRC-PL,https://coindb-prod.ocean.icm.edu.pl/AFE_PL/show_coin?coin_id=89
92,Kaliningrad Oblast' ,Morshanskoe,Roman (Römer),Sestertius (Sestertius) ,Bronze (Ae),Traianus (Traianus),Roma (Rom) ,98,117,17/03/2023,FRC-PL,https://coindb-prod.ocean.icm.edu.pl/AFE_PL/show_coin?coin_id=92
93,Kaliningrad Oblast' ,Morshanskoe,Roman (Römer),Bronze (Bronze) ,Bronze (Ae),Traianus (Traianus), ,,98,17/03/2023,FRC-PL,https://coindb-prod.ocean.icm.edu.pl/AFE_PL/show_coin?coin_id=93
94,Kaliningrad Oblast' ,Morshanskoe,Roman (Römer),Bronze (Bronze) ,Bronze (Ae),Traianus (Traianus), ,,98,17/03/2023,FRC-PL,https://coindb-prod.ocean.icm.edu.pl/AFE_PL/show_coin?coin_id=94
95,Kaliningrad Oblast' ,Morshanskoe,Roman (Römer),Bronze (Bronze) ,Bronze (Ae),Traianus (Traianus), ,,98,17/03/2023,FRC-PL,https://coindb-prod.ocean.icm.edu.pl/AFE_PL/show_coin?coin_id=95
96,Kaliningrad Oblast' ,Morshanskoe,Roman (Römer),Bronze (Bronze) ,Bronze (Ae),Traianus (Traianus), ,,98,17/03/2023,FRC-PL,https://coindb-prod.ocean.icm.edu.pl/AFE_PL/show_coin?coin_id=96
97,Kaliningrad Oblast' ,Morshanskoe,Roman (Römer),Bronze (Bronze) ,Bronze (Ae),Traianus (Traianus), ,,98,17/03/2023,FRC-PL,https://coindb-prod.ocean.icm.edu.pl/AFE_PL/show_coin?coin_id=97
98,Kaliningrad Oblast' ,Morshanskoe,Roman (Römer),Bronze (Bronze) ,Bronze (Ae),Traianus (Traianus), ,,98,17/03/2023,FRC-PL,https://coindb-prod.ocean.icm.edu.pl/AFE_PL/show_coin?coin_id=98
99,Kaliningrad Oblast' ,Morshanskoe,Roman (Römer),Bronze (Bronze) ,Bronze (Ae),Traianus (Traianus), ,,98,17/03/2023,FRC-PL,https://coindb-prod.ocean.icm.edu.pl/AFE_PL/show_coin?coin_id=99
100,Kaliningrad Oblast' ,Morshanskoe,Roman (Römer),Bronze (Bronze) ,Bronze (Ae),Traianus (Traianus), ,,98,17/03/2023,FRC-PL,https://coindb-prod.ocean.icm.edu.pl/AFE_PL/show_coin?coin_id=100
101,Kaliningrad Oblast' ,Morshanskoe,Roman (Römer),Bronze (Bronze) ,Bronze (Ae),Traianus (Traianus), ,,98,17/03/2023,FRC-PL,https://coindb-prod.ocean.icm.edu.pl/AFE_PL/show_coin?coin_id=101
102,Kaliningrad Oblast' ,Morshanskoe,Roman (Römer),Bronze (Bronze) ,Bronze (Ae),Traianus (Traianus), ,,98,17/03/2023,FRC-PL,https://coindb-prod.ocean.icm.edu.pl/AFE_PL/show_coin?coin_id=102
103,Kaliningrad Oblast' ,Morshanskoe,Roman (Römer),Bronze (Bronze) ,Bronze (Ae),Traianus (Traianus), ,,98,17/03/2023,FRC-PL,https://coindb-prod.ocean.icm.edu.pl/AFE_PL/show_coin?coin_id=103
104,Kaliningrad Oblast' ,Morshanskoe,Roman (Römer),Bronze (Bronze) ,Bronze (Ae),Traianus (Traianus), ,,98,17/03/2023,FRC-PL,https://coindb-prod.ocean.icm.edu.pl/AFE_PL/show_coin?coin_id=104
105,Kaliningrad Oblast' ,Morshanskoe,Roman (Römer),Bronze (Bronze) ,Bronze (Ae),Traianus (Traianus), ,,98,17/03/2023,FRC-PL,https://coindb-prod.ocean.icm.edu.pl/AFE_PL/show_coin?coin_id=105
106,Kaliningrad Oblast' ,Morshanskoe,Roman (Römer),Bronze (Bronze) ,Bronze (Ae),Traianus (Traianus), ,,98,17/03/2023,FRC-PL,https://coindb-prod.ocean.icm.edu.pl/AFE_PL/show_coin?coin_id=106
107,Kaliningrad Oblast' ,Morshanskoe,Roman (Römer),Bronze (Bronze) ,Bronze (Ae),Traianus (Traianus), ,,98,17/03/2023,FRC-PL,https://coindb-prod.ocean.icm.edu.pl/AFE_PL/show_coin?coin_id=107
108,Kaliningrad Oblast' ,Morshanskoe,Roman (Römer),Bronze (Bronze) ,Bronze (Ae),Traianus (Traianus), ,,98,17/03/2023,FRC-PL,https://coindb-prod.ocean.icm.edu.pl/AFE_PL/show_coin?coin_id=108
109,Kaliningrad Oblast' ,Morshanskoe,Roman (Römer),Sestertius (Sestertius) ,Bronze (Ae),Hadrianus (Hadrianus), ,117,138,17/03/2023,FRC-PL,https://coindb-prod.ocean.icm.edu.pl/AFE_PL/show_coin?coin_id=109
110,Kaliningrad Oblast' ,Morshanskoe,Roman (Römer),Sestertius (Sestertius) ,Bronze (Ae),Hadrianus (Hadrianus), ,117,138,17/03/2023,FRC-PL,https://coindb-prod.ocean.icm.edu.pl/AFE_PL/show_coin?coin_id=110
111,Kaliningrad Oblast' ,Morshanskoe,Roman (Römer),Sestertius (Sestertius) ,Bronze (Ae),Hadrianus (Hadrianus), ,117,138,17/03/2023,FRC-PL,https://coindb-prod.ocean.icm.edu.pl/AFE_PL/show_coin?coin_id=111
112,Kaliningrad Oblast' ,Morshanskoe,Roman (Römer),Sestertius (Sestertius) ,Bronze (Ae),Hadrianus (Hadrianus), ,117,138,17/03/2023,FRC-PL,https://coindb-prod.ocean.icm.edu.pl/AFE_PL/show_coin?coin_id=112
113,Kaliningrad Oblast' ,Morshanskoe,Roman (Römer),Sestertius (Sestertius) ,Bronze (Ae),Hadrianus (Hadrianus), ,117,138,17/03/2023,FRC-PL,https://coindb-prod.ocean.icm.edu.pl/AFE_PL/show_coin?coin_id=113
114,Kaliningrad Oblast' ,Morshanskoe,Roman (Römer),Sestertius (Sestertius) ,Bronze (Ae),Hadrianus (Hadrianus), ,117,138,17/03/2023,FRC-PL,https://coindb-prod.ocean.icm.edu.pl/AFE_PL/show_coin?coin_id=114
115,Kaliningrad Oblast' ,Morshanskoe,Roman (Römer),Sestertius (Sestertius) ,Bronze (Ae),Hadrianus (Hadrianus), ,117,138,17/03/2023,FRC-PL,https://coindb-prod.ocean.icm.edu.pl/AFE_PL/show_coin?coin_id=115
116,Kaliningrad Oblast' ,Morshanskoe,Roman (Römer),Sestertius (Sestertius) ,Bronze (Ae),Hadrianus (Hadrianus), ,117,138,17/03/2023,FRC-PL,https://coindb-prod.ocean.icm.edu.pl/AFE_PL/show_coin?coin_id=116
117,Kaliningrad Oblast' ,Morshanskoe,Roman (Römer),Sestertius (Sestertius) ,Bronze (Ae),Hadrianus (Hadrianus), ,117,138,17/03/2023,FRC-PL,https://coindb-prod.ocean.icm.edu.pl/AFE_PL/show_coin?coin_id=117
118,Kaliningrad Oblast' ,Morshanskoe,Roman (Römer),Sestertius (Sestertius) ,Bronze (Ae),Hadrianus (Hadrianus), ,117,138,17/03/2023,FRC-PL,https://coindb-prod.ocean.icm.edu.pl/AFE_PL/show_coin?coin_id=118
119,Kaliningrad Oblast' ,Morshanskoe,Roman (Römer),Sestertius (Sestertius) ,Bronze (Ae),Hadrianus (Hadrianus), ,117,138,17/03/2023,FRC-PL,https://coindb-prod.ocean.icm.edu.pl/AFE_PL/show_coin?coin_id=119
120,Kaliningrad Oblast' ,Morshanskoe,Roman (Römer),Sestertius (Sestertius) ,Bronze (Ae),Hadrianus (Hadrianus), ,117,138,17/03/2023,FRC-PL,https://coindb-prod.ocean.icm.edu.pl/AFE_PL/show_coin?coin_id=120
121,Kaliningrad Oblast' ,Morshanskoe,Roman (Römer),Sestertius (Sestertius) ,Bronze (Ae),Hadrianus (Hadrianus), ,117,138,17/03/2023,FRC-PL,https://coindb-prod.ocean.icm.edu.pl/AFE_PL/show_coin?coin_id=121
122,Kaliningrad Oblast' ,Morshanskoe,Roman (Römer),Sestertius (Sestertius) ,Bronze (Ae),Hadrianus (Hadrianus), ,117,138,17/03/2023,FRC-PL,https://coindb-prod.ocean.icm.edu.pl/AFE_PL/show_coin?coin_id=122
123,Kaliningrad Oblast' ,Morshanskoe,Roman (Römer),Sestertius (Sestertius) ,Bronze (Ae),Hadrianus (Hadrianus), ,117,138,17/03/2023,FRC-PL,https://coindb-prod.ocean.icm.edu.pl/AFE_PL/show_coin?coin_id=123
124,Kaliningrad Oblast' ,Morshanskoe,Roman (Römer),Sestertius (Sestertius) ,Bronze (Ae),Hadrianus (Hadrianus), ,117,138,17/03/2023,FRC-PL,https://coindb-prod.ocean.icm.edu.pl/AFE_PL/show_coin?coin_id=124
125,Kaliningrad Oblast' ,Morshanskoe,Roman (Römer),Sestertius (Sestertius) ,Bronze (Ae),Hadrianus (Hadrianus), ,117,138,17/03/2023,FRC-PL,https://coindb-prod.ocean.icm.edu.pl/AFE_PL/show_coin?coin_id=125
126,Kaliningrad Oblast' ,Morshanskoe,Roman (Römer),Sestertius (Sestertius) ,Bronze (Ae),Hadrianus (Hadrianus), ,117,138,17/03/2023,FRC-PL,https://coindb-prod.ocean.icm.edu.pl/AFE_PL/show_coin?coin_id=126
127,Kaliningrad Oblast' ,Morshanskoe,Roman (Römer),Sestertius (Sestertius) ,Bronze (Ae),Hadrianus (Hadrianus), ,117,138,17/03/2023,FRC-PL,https://coindb-prod.ocean.icm.edu.pl/AFE_PL/show_coin?coin_id=127
128,Kaliningrad Oblast' ,Morshanskoe,Roman (Römer),Sestertius (Sestertius) ,Bronze (Ae),Hadrianus (Hadrianus), ,117,138,17/03/2023,FRC-PL,https://coindb-prod.ocean.icm.edu.pl/AFE_PL/show_coin?coin_id=128
129,Kaliningrad Oblast' ,Morshanskoe,Roman (Römer),Sestertius (Sestertius) ,Bronze (Ae),Hadrianus (Hadrianus), ,117,138,17/03/2023,FRC-PL,https://coindb-prod.ocean.icm.edu.pl/AFE_PL/show_coin?coin_id=129
130,Kaliningrad Oblast' ,Morshanskoe,Roman (Römer),Sestertius (Sestertius) ,Bronze (Ae),Hadrianus (Hadrianus), ,117,138,17/03/2023,FRC-PL,https://coindb-prod.ocean.icm.edu.pl/AFE_PL/show_coin?coin_id=130
131,Kaliningrad Oblast' ,Morshanskoe,Roman (Römer),Sestertius (Sestertius) ,Bronze (Ae),Hadrianus (Hadrianus), ,117,138,17/03/2023,FRC-PL,https://coindb-prod.ocean.icm.edu.pl/AFE_PL/show_coin?coin_id=131
132,Kaliningrad Oblast' ,Morshanskoe,Roman (Römer),Sestertius (Sestertius) ,Bronze (Ae),Hadrianus (Hadrianus), ,117,138,17/03/2023,FRC-PL,https://coindb-prod.ocean.icm.edu.pl/AFE_PL/show_coin?coin_id=132
133,Kaliningrad Oblast' ,Morshanskoe,Roman (Römer),Sestertius (Sestertius) ,Bronze (Ae),Hadrianus (Hadrianus), ,117,138,17/03/2023,FRC-PL,https://coindb-prod.ocean.icm.edu.pl/AFE_PL/show_coin?coin_id=133
134,Kaliningrad Oblast' ,Morshanskoe,Roman (Römer),Sestertius (Sestertius) ,Bronze (Ae),Hadrianus (Hadrianus), ,117,138,17/03/2023,FRC-PL,https://coindb-prod.ocean.icm.edu.pl/AFE_PL/show_coin?coin_id=134
135,Kaliningrad Oblast' ,Morshanskoe,Roman (Römer),Sestertius (Sestertius) ,Bronze (Ae),Hadrianus (Hadrianus), ,117,138,17/03/2023,FRC-PL,https://coindb-prod.ocean.icm.edu.pl/AFE_PL/show_coin?coin_id=135
136,Kaliningrad Oblast' ,Morshanskoe,Roman (Römer),Sestertius (Sestertius) ,Bronze (Ae),Hadrianus (Hadrianus), ,117,138,17/03/2023,FRC-PL,https://coindb-prod.ocean.icm.edu.pl/AFE_PL/show_coin?coin_id=136
137,Kaliningrad Oblast' ,Morshanskoe,Roman (Römer),Sestertius (Sestertius) ,Bronze (Ae),Hadrianus (Hadrianus), ,117,138,17/03/2023,FRC-PL,https://coindb-prod.ocean.icm.edu.pl/AFE_PL/show_coin?coin_id=137
138,Kaliningrad Oblast' ,Morshanskoe,Roman (Römer),Sestertius (Sestertius) ,Bronze (Ae),Hadrianus (Hadrianus), ,117,138,17/03/2023,FRC-PL,https://coindb-prod.ocean.icm.edu.pl/AFE_PL/show_coin?coin_id=138
139,Kaliningrad Oblast' ,Morshanskoe,Roman (Römer),Sestertius (Sestertius) ,Bronze (Ae),Hadrianus (Hadrianus), ,117,138,17/03/2023,FRC-PL,https://coindb-prod.ocean.icm.edu.pl/AFE_PL/show_coin?coin_id=139
140,Kaliningrad Oblast' ,Morshanskoe,Roman (Römer),Sestertius (Sestertius) ,Bronze (Ae),Hadrianus (Hadrianus), ,117,138,17/03/2023,FRC-PL,https://coindb-prod.ocean.icm.edu.pl/AFE_PL/show_coin?coin_id=140
141,Kaliningrad Oblast' ,Morshanskoe,Roman (Römer),Sestertius (Sestertius) ,Bronze (Ae),Hadrianus (Hadrianus), ,117,138,17/03/2023,FRC-PL,https://coindb-prod.ocean.icm.edu.pl/AFE_PL/show_coin?coin_id=141
142,Kaliningrad Oblast' ,Morshanskoe,Roman (Römer),Sestertius (Sestertius) ,Bronze (Ae),Hadrianus (Hadrianus), ,117,138,17/03/2023,FRC-PL,https://coindb-prod.ocean.icm.edu.pl/AFE_PL/show_coin?coin_id=142
143,Kaliningrad Oblast' ,Morshanskoe,Roman (Römer),Sestertius (Sestertius) ,Bronze (Ae),Hadrianus (Hadrianus), ,117,138,17/03/2023,FRC-PL,https://coindb-prod.ocean.icm.edu.pl/AFE_PL/show_coin?coin_id=143
144,Kaliningrad Oblast' ,Morshanskoe,Roman (Römer),Sestertius (Sestertius) ,Bronze (Ae),Hadrianus (Hadrianus), ,117,138,17/03/2023,FRC-PL,https://coindb-prod.ocean.icm.edu.pl/AFE_PL/show_coin?coin_id=144
145,Kaliningrad Oblast' ,Morshanskoe,Roman (Römer),Sestertius (Sestertius) ,Bronze (Ae),Antoninus Pius (Antoninus Pius), ,138,161,17/03/2023,FRC-PL,https://coindb-prod.ocean.icm.edu.pl/AFE_PL/show_coin?coin_id=145
146,Kaliningrad Oblast' ,Morshanskoe,Roman (Römer),Sestertius (Sestertius) ,Bronze (Ae),Hadrianus (Hadrianus), ,117,136,17/03/2023,FRC-PL,https://coindb-prod.ocean.icm.edu.pl/AFE_PL/show_coin?coin_id=146
147,Kaliningrad Oblast' ,Morshanskoe,Roman (Römer),Sestertius (Sestertius) ,Bronze (Ae),Hadrianus (Hadrianus), ,117,136,17/03/2023,FRC-PL,https://coindb-prod.ocean.icm.edu.pl/AFE_PL/show_coin?coin_id=147
148,Kaliningrad Oblast' ,Morshanskoe,Roman (Römer),Sestertius (Sestertius) ,Bronze (Ae),Hadrianus (Hadrianus), ,117,136,17/03/2023,FRC-PL,https://coindb-prod.ocean.icm.edu.pl/AFE_PL/show_coin?coin_id=148
149,Kaliningrad Oblast' ,Morshanskoe,Roman (Römer),Sestertius (Sestertius) ,Bronze (Ae),Hadrianus (Hadrianus), ,117,136,17/03/2023,FRC-PL,https://coindb-prod.ocean.icm.edu.pl/AFE_PL/show_coin?coin_id=149
150,Kaliningrad Oblast' ,Morshanskoe,Roman (Römer),Sestertius (Sestertius) ,Bronze (Ae),Antoninus Pius (Antoninus Pius), ,138,161,17/03/2023,FRC-PL,https://coindb-prod.ocean.icm.edu.pl/AFE_PL/show_coin?coin_id=150
151,Kaliningrad Oblast' ,Morshanskoe,Roman (Römer),Sestertius (Sestertius) ,Bronze (Ae),Antoninus Pius (Antoninus Pius), ,138,161,17/03/2023,FRC-PL,https://coindb-prod.ocean.icm.edu.pl/AFE_PL/show_coin?coin_id=151
152,Kaliningrad Oblast' ,Morshanskoe,Roman (Römer),Sestertius (Sestertius) ,Bronze (Ae),Antoninus Pius (Antoninus Pius), ,138,161,17/03/2023,FRC-PL,https://coindb-prod.ocean.icm.edu.pl/AFE_PL/show_coin?coin_id=152
153,Kaliningrad Oblast' ,Morshanskoe,Roman (Römer),Sestertius (Sestertius) ,Bronze (Ae),Antoninus Pius (Antoninus Pius), ,138,161,17/03/2023,FRC-PL,https://coindb-prod.ocean.icm.edu.pl/AFE_PL/show_coin?coin_id=153
154,Kaliningrad Oblast' ,Morshanskoe,Roman (Römer),Sestertius (Sestertius) ,Bronze (Ae),Antoninus Pius (Antoninus Pius), ,138,161,17/03/2023,FRC-PL,https://coindb-prod.ocean.icm.edu.pl/AFE_PL/show_coin?coin_id=154
155,Kaliningrad Oblast' ,Morshanskoe,Roman (Römer),Sestertius (Sestertius) ,Bronze (Ae),Antoninus Pius (Antoninus Pius), ,138,161,17/03/2023,FRC-PL,https://coindb-prod.ocean.icm.edu.pl/AFE_PL/show_coin?coin_id=155
156,Kaliningrad Oblast' ,Morshanskoe,Roman (Römer),Sestertius (Sestertius) ,Bronze (Ae),Antoninus Pius (Antoninus Pius), ,138,161,17/03/2023,FRC-PL,https://coindb-prod.ocean.icm.edu.pl/AFE_PL/show_coin?coin_id=156
157,Kaliningrad Oblast' ,Morshanskoe,Roman (Römer),Sestertius (Sestertius) ,Bronze (Ae),Antoninus Pius (Antoninus Pius), ,138,161,17/03/2023,FRC-PL,https://coindb-prod.ocean.icm.edu.pl/AFE_PL/show_coin?coin_id=157
158,Kaliningrad Oblast' ,Morshanskoe,Roman (Römer),Sestertius (Sestertius) ,Bronze (Ae),Antoninus Pius (Antoninus Pius), ,138,161,17/03/2023,FRC-PL,https://coindb-prod.ocean.icm.edu.pl/AFE_PL/show_coin?coin_id=158
159,Kaliningrad Oblast' ,Morshanskoe,Roman (Römer),Sestertius (Sestertius) ,Bronze (Ae),Antoninus Pius (Antoninus Pius), ,138,161,17/03/2023,FRC-PL,https://coindb-prod.ocean.icm.edu.pl/AFE_PL/show_coin?coin_id=159
160,Kaliningrad Oblast' ,Morshanskoe,Roman (Römer),Sestertius (Sestertius) ,Bronze (Ae),Antoninus Pius (Antoninus Pius), ,138,161,17/03/2023,FRC-PL,https://coindb-prod.ocean.icm.edu.pl/AFE_PL/show_coin?coin_id=160
161,Kaliningrad Oblast' ,Morshanskoe,Roman (Römer),Sestertius (Sestertius) ,Bronze (Ae),Antoninus Pius (Antoninus Pius), ,138,161,17/03/2023,FRC-PL,https://coindb-prod.ocean.icm.edu.pl/AFE_PL/show_coin?coin_id=161
162,Kaliningrad Oblast' ,Morshanskoe,Roman (Römer),Sestertius (Sestertius) ,Bronze (Ae),Antoninus Pius (Antoninus Pius), ,138,161,17/03/2023,FRC-PL,https://coindb-prod.ocean.icm.edu.pl/AFE_PL/show_coin?coin_id=162
163,Kaliningrad Oblast' ,Morshanskoe,Roman (Römer),Sestertius (Sestertius) ,Bronze (Ae),Antoninus Pius (Antoninus Pius), ,138,161,17/03/2023,FRC-PL,https://coindb-prod.ocean.icm.edu.pl/AFE_PL/show_coin?coin_id=163
164,Kaliningrad Oblast' ,Morshanskoe,Roman (Römer),Sestertius (Sestertius) ,Bronze (Ae),Antoninus Pius (Antoninus Pius), ,138,161,17/03/2023,FRC-PL,https://coindb-prod.ocean.icm.edu.pl/AFE_PL/show_coin?coin_id=164
165,Kaliningrad Oblast' ,Morshanskoe,Roman (Römer),Sestertius (Sestertius) ,Bronze (Ae),Antoninus Pius (Antoninus Pius), ,138,161,17/03/2023,FRC-PL,https://coindb-prod.ocean.icm.edu.pl/AFE_PL/show_coin?coin_id=165
166,Kaliningrad Oblast' ,Morshanskoe,Roman (Römer),Sestertius (Sestertius) ,Bronze (Ae),Antoninus Pius (Antoninus Pius), ,138,161,17/03/2023,FRC-PL,https://coindb-prod.ocean.icm.edu.pl/AFE_PL/show_coin?coin_id=166
167,Kaliningrad Oblast' ,Morshanskoe,Roman (Römer),Sestertius (Sestertius) ,Bronze (Ae),Antoninus Pius (Antoninus Pius), ,138,161,17/03/2023,FRC-PL,https://coindb-prod.ocean.icm.edu.pl/AFE_PL/show_coin?coin_id=167
168,Kaliningrad Oblast' ,Morshanskoe,Roman (Römer),Sestertius (Sestertius) ,Bronze (Ae),Antoninus Pius (Antoninus Pius), ,138,161,17/03/2023,FRC-PL,https://coindb-prod.ocean.icm.edu.pl/AFE_PL/show_coin?coin_id=168
169,Kaliningrad Oblast' ,Morshanskoe,Roman (Römer),Sestertius (Sestertius) ,Bronze (Ae),Antoninus Pius (Antoninus Pius), ,138,161,17/03/2023,FRC-PL,https://coindb-prod.ocean.icm.edu.pl/AFE_PL/show_coin?coin_id=169
170,Kaliningrad Oblast' ,Morshanskoe,Roman (Römer),Sestertius (Sestertius) ,Bronze (Ae),Antoninus Pius (Antoninus Pius), ,138,161,17/03/2023,FRC-PL,https://coindb-prod.ocean.icm.edu.pl/AFE_PL/show_coin?coin_id=170
171,Kaliningrad Oblast' ,Morshanskoe,Roman (Römer),Sestertius (Sestertius) ,Bronze (Ae),Antoninus Pius (Antoninus Pius), ,138,161,17/03/2023,FRC-PL,https://coindb-prod.ocean.icm.edu.pl/AFE_PL/show_coin?coin_id=171
172,Kaliningrad Oblast' ,Morshanskoe,Roman (Römer),Sestertius (Sestertius) ,Bronze (Ae),Antoninus Pius (Antoninus Pius), ,138,161,17/03/2023,FRC-PL,https://coindb-prod.ocean.icm.edu.pl/AFE_PL/show_coin?coin_id=172
173,Kaliningrad Oblast' ,Morshanskoe,Roman (Römer),Sestertius (Sestertius) ,Bronze (Ae),Antoninus Pius (Antoninus Pius), ,138,161,17/03/2023,FRC-PL,https://coindb-prod.ocean.icm.edu.pl/AFE_PL/show_coin?coin_id=173
174,Kaliningrad Oblast' ,Morshanskoe,Roman (Römer),Sestertius (Sestertius) ,Bronze (Ae),Antoninus Pius (Antoninus Pius), ,138,161,17/03/2023,FRC-PL,https://coindb-prod.ocean.icm.edu.pl/AFE_PL/show_coin?coin_id=174
175,Kaliningrad Oblast' ,Morshanskoe,Roman (Römer),Sestertius (Sestertius) ,Bronze (Ae),Antoninus Pius (Antoninus Pius), ,138,161,17/03/2023,FRC-PL,https://coindb-prod.ocean.icm.edu.pl/AFE_PL/show_coin?coin_id=175
176,Kaliningrad Oblast' ,Morshanskoe,Roman (Römer),Sestertius (Sestertius) ,Bronze (Ae),Antoninus Pius (Antoninus Pius), ,138,161,17/03/2023,FRC-PL,https://coindb-prod.ocean.icm.edu.pl/AFE_PL/show_coin?coin_id=176
177,Kaliningrad Oblast' ,Morshanskoe,Roman (Römer),Sestertius (Sestertius) ,Bronze (Ae),Antoninus Pius (Antoninus Pius), ,138,161,17/03/2023,FRC-PL,https://coindb-prod.ocean.icm.edu.pl/AFE_PL/show_coin?coin_id=177
178,Kaliningrad Oblast' ,Morshanskoe,Roman (Römer),Sestertius (Sestertius) ,Bronze (Ae),Antoninus Pius (Antoninus Pius), ,138,161,17/03/2023,FRC-PL,https://coindb-prod.ocean.icm.edu.pl/AFE_PL/show_coin?coin_id=178
179,Kaliningrad Oblast' ,Morshanskoe,Roman (Römer),Sestertius (Sestertius) ,Bronze (Ae),Antoninus Pius (Antoninus Pius), ,138,161,17/03/2023,FRC-PL,https://coindb-prod.ocean.icm.edu.pl/AFE_PL/show_coin?coin_id=179
180,Kaliningrad Oblast' ,Morshanskoe,Roman (Römer),Sestertius (Sestertius) ,Bronze (Ae),Antoninus Pius (Antoninus Pius), ,138,161,17/03/2023,FRC-PL,https://coindb-prod.ocean.icm.edu.pl/AFE_PL/show_coin?coin_id=180
181,Kaliningrad Oblast' ,Morshanskoe,Roman (Römer),Sestertius (Sestertius) ,Bronze (Ae),Antoninus Pius (Antoninus Pius), ,138,161,17/03/2023,FRC-PL,https://coindb-prod.ocean.icm.edu.pl/AFE_PL/show_coin?coin_id=181
182,Kaliningrad Oblast' ,Morshanskoe,Roman (Römer),Sestertius (Sestertius) ,Bronze (Ae),Antoninus Pius (Antoninus Pius), ,138,161,17/03/2023,FRC-PL,https://coindb-prod.ocean.icm.edu.pl/AFE_PL/show_coin?coin_id=182
183,Kaliningrad Oblast' ,Morshanskoe,Roman (Römer),Sestertius (Sestertius) ,Bronze (Ae),Antoninus Pius (Antoninus Pius), ,138,161,17/03/2023,FRC-PL,https://coindb-prod.ocean.icm.edu.pl/AFE_PL/show_coin?coin_id=183
184,Kaliningrad Oblast' ,Morshanskoe,Roman (Römer),Sestertius (Sestertius) ,Bronze (Ae),Antoninus Pius (Antoninus Pius), ,138,161,17/03/2023,FRC-PL,https://coindb-prod.ocean.icm.edu.pl/AFE_PL/show_coin?coin_id=184
185,Kaliningrad Oblast' ,Morshanskoe,Roman (Römer),Sestertius (Sestertius) ,Bronze (Ae),Antoninus Pius (Antoninus Pius), ,138,161,17/03/2023,FRC-PL,https://coindb-prod.ocean.icm.edu.pl/AFE_PL/show_coin?coin_id=185
186,Kaliningrad Oblast' ,Morshanskoe,Roman (Römer),Sestertius (Sestertius) ,Bronze (Ae),Antoninus Pius (Antoninus Pius), ,138,161,17/03/2023,FRC-PL,https://coindb-prod.ocean.icm.edu.pl/AFE_PL/show_coin?coin_id=186
187,Kaliningrad Oblast' ,Morshanskoe,Roman (Römer),Sestertius (Sestertius) ,Bronze (Ae),Antoninus Pius (Antoninus Pius), ,138,161,17/03/2023,FRC-PL,https://coindb-prod.ocean.icm.edu.pl/AFE_PL/show_coin?coin_id=187
188,Kaliningrad Oblast' ,Morshanskoe,Roman (Römer),Sestertius (Sestertius) ,Bronze (Ae),Antoninus Pius (Antoninus Pius), ,138,161,17/03/2023,FRC-PL,https://coindb-prod.ocean.icm.edu.pl/AFE_PL/show_coin?coin_id=188
189,Kaliningrad Oblast' ,Morshanskoe,Roman (Römer),Sestertius (Sestertius) ,Bronze (Ae),Antoninus Pius (Antoninus Pius), ,138,161,17/03/2023,FRC-PL,https://coindb-prod.ocean.icm.edu.pl/AFE_PL/show_coin?coin_id=189
190,Kaliningrad Oblast' ,Morshanskoe,Roman (Römer),Sestertius (Sestertius) ,Bronze (Ae),Antoninus Pius (Antoninus Pius), ,138,161,17/03/2023,FRC-PL,https://coindb-prod.ocean.icm.edu.pl/AFE_PL/show_coin?coin_id=190
191,Kaliningrad Oblast' ,Morshanskoe,Roman (Römer),Sestertius (Sestertius) ,Bronze (Ae),Antoninus Pius (Antoninus Pius), ,138,161,17/03/2023,FRC-PL,https://coindb-prod.ocean.icm.edu.pl/AFE_PL/show_coin?coin_id=191
192,Kaliningrad Oblast' ,Morshanskoe,Roman (Römer),Sestertius (Sestertius) ,Bronze (Ae),Antoninus Pius (Antoninus Pius), ,138,161,17/03/2023,FRC-PL,https://coindb-prod.ocean.icm.edu.pl/AFE_PL/show_coin?coin_id=192
193,Kaliningrad Oblast' ,Morshanskoe,Roman (Römer),Sestertius (Sestertius) ,Bronze (Ae),Antoninus Pius (Antoninus Pius), ,138,161,17/03/2023,FRC-PL,https://coindb-prod.ocean.icm.edu.pl/AFE_PL/show_coin?coin_id=193
194,Kaliningrad Oblast' ,Morshanskoe,Roman (Römer),Sestertius (Sestertius) ,Bronze (Ae),Antoninus Pius (Antoninus Pius), ,138,161,17/03/2023,FRC-PL,https://coindb-prod.ocean.icm.edu.pl/AFE_PL/show_coin?coin_id=194
195,Kaliningrad Oblast' ,Morshanskoe,Roman (Römer),Sestertius (Sestertius) ,Bronze (Ae),Antoninus Pius (Antoninus Pius), ,138,161,17/03/2023,FRC-PL,https://coindb-prod.ocean.icm.edu.pl/AFE_PL/show_coin?coin_id=195
196,Kaliningrad Oblast' ,Morshanskoe,Roman (Römer),Sestertius (Sestertius) ,Bronze (Ae),Antoninus Pius (Antoninus Pius), ,138,161,17/03/2023,FRC-PL,https://coindb-prod.ocean.icm.edu.pl/AFE_PL/show_coin?coin_id=196
197,Kaliningrad Oblast' ,Morshanskoe,Roman (Römer),Sestertius (Sestertius) ,Bronze (Ae),Antoninus Pius (Antoninus Pius), ,138,161,17/03/2023,FRC-PL,https://coindb-prod.ocean.icm.edu.pl/AFE_PL/show_coin?coin_id=197
198,Kaliningrad Oblast' ,Morshanskoe,Roman (Römer),Sestertius (Sestertius) ,Bronze (Ae),Antoninus Pius (Antoninus Pius), ,138,161,17/03/2023,FRC-PL,https://coindb-prod.ocean.icm.edu.pl/AFE_PL/show_coin?coin_id=198
199,Kaliningrad Oblast' ,Morshanskoe,Roman (Römer),Sestertius (Sestertius) ,Bronze (Ae),Antoninus Pius (Antoninus Pius), ,138,161,17/03/2023,FRC-PL,https://coindb-prod.ocean.icm.edu.pl/AFE_PL/show_coin?coin_id=199
200,Kaliningrad Oblast' ,Morshanskoe,Roman (Römer),Sestertius (Sestertius) ,Bronze (Ae),Antoninus Pius (Antoninus Pius), ,138,161,17/03/2023,FRC-PL,https://coindb-prod.ocean.icm.edu.pl/AFE_PL/show_coin?coin_id=200
201,Kaliningrad Oblast' ,Morshanskoe,Roman (Römer),Sestertius (Sestertius) ,Bronze (Ae),Antoninus Pius (Antoninus Pius), ,138,161,17/03/2023,FRC-PL,https://coindb-prod.ocean.icm.edu.pl/AFE_PL/show_coin?coin_id=201
202,Kaliningrad Oblast' ,Morshanskoe,Roman (Römer),Sestertius (Sestertius) ,Bronze (Ae),Antoninus Pius (Antoninus Pius), ,138,161,17/03/2023,FRC-PL,https://coindb-prod.ocean.icm.edu.pl/AFE_PL/show_coin?coin_id=202
203,Kaliningrad Oblast' ,Morshanskoe,Roman (Römer),Sestertius (Sestertius) ,Bronze (Ae),Antoninus Pius (Antoninus Pius), ,138,161,17/03/2023,FRC-PL,https://coindb-prod.ocean.icm.edu.pl/AFE_PL/show_coin?coin_id=203
204,Kaliningrad Oblast' ,Morshanskoe,Roman (Römer),Sestertius (Sestertius) ,Bronze (Ae),Antoninus Pius (Antoninus Pius), ,138,161,17/03/2023,FRC-PL,https://coindb-prod.ocean.icm.edu.pl/AFE_PL/show_coin?coin_id=204
205,Kaliningrad Oblast' ,Morshanskoe,Roman (Römer),Sestertius (Sestertius) ,Bronze (Ae),Antoninus Pius (Antoninus Pius), ,138,161,17/03/2023,FRC-PL,https://coindb-prod.ocean.icm.edu.pl/AFE_PL/show_coin?coin_id=205
206,Kaliningrad Oblast' ,Morshanskoe,Roman (Römer),Sestertius (Sestertius) ,Bronze (Ae),Antoninus Pius (Antoninus Pius), ,138,161,17/03/2023,FRC-PL,https://coindb-prod.ocean.icm.edu.pl/AFE_PL/show_coin?coin_id=206
207,Kaliningrad Oblast' ,Morshanskoe,Roman (Römer),Sestertius (Sestertius) ,Bronze (Ae),Antoninus Pius (Antoninus Pius), ,138,161,17/03/2023,FRC-PL,https://coindb-prod.ocean.icm.edu.pl/AFE_PL/show_coin?coin_id=207
208,Kaliningrad Oblast' ,Morshanskoe,Roman (Römer),Sestertius (Sestertius) ,Bronze (Ae),Antoninus Pius (Antoninus Pius), ,138,161,17/03/2023,FRC-PL,https://coindb-prod.ocean.icm.edu.pl/AFE_PL/show_coin?coin_id=208
209,Kaliningrad Oblast' ,Morshanskoe,Roman (Römer),Sestertius (Sestertius) ,Bronze (Ae),Antoninus Pius (Antoninus Pius), ,138,161,17/03/2023,FRC-PL,https://coindb-prod.ocean.icm.edu.pl/AFE_PL/show_coin?coin_id=209
210,Kaliningrad Oblast' ,Morshanskoe,Roman (Römer),Sestertius (Sestertius) ,Bronze (Ae),Antoninus Pius (Antoninus Pius), ,138,161,17/03/2023,FRC-PL,https://coindb-prod.ocean.icm.edu.pl/AFE_PL/show_coin?coin_id=210
211,Kaliningrad Oblast' ,Morshanskoe,Roman (Römer),Sestertius (Sestertius) ,Bronze (Ae),Antoninus Pius (Antoninus Pius), ,138,161,17/03/2023,FRC-PL,https://coindb-prod.ocean.icm.edu.pl/AFE_PL/show_coin?coin_id=211
212,Kaliningrad Oblast' ,Morshanskoe,Roman (Römer),Sestertius (Sestertius) ,Bronze (Ae),Antoninus Pius (Antoninus Pius), ,138,161,17/03/2023,FRC-PL,https://coindb-prod.ocean.icm.edu.pl/AFE_PL/show_coin?coin_id=212
213,Kaliningrad Oblast' ,Morshanskoe,Roman (Römer),Sestertius (Sestertius) ,Bronze (Ae),Antoninus Pius (Antoninus Pius), ,138,161,17/03/2023,FRC-PL,https://coindb-prod.ocean.icm.edu.pl/AFE_PL/show_coin?coin_id=213
214,Kaliningrad Oblast' ,Morshanskoe,Roman (Römer),Sestertius (Sestertius) ,Bronze (Ae),Antoninus Pius (Antoninus Pius), ,138,161,17/03/2023,FRC-PL,https://coindb-prod.ocean.icm.edu.pl/AFE_PL/show_coin?coin_id=214
215,Kaliningrad Oblast' ,Morshanskoe,Roman (Römer),Sestertius (Sestertius) ,Bronze (Ae),Antoninus Pius (Antoninus Pius), ,138,161,17/03/2023,FRC-PL,https://coindb-prod.ocean.icm.edu.pl/AFE_PL/show_coin?coin_id=215
216,Kaliningrad Oblast' ,Morshanskoe,Roman (Römer),Sestertius (Sestertius) ,Bronze (Ae),Antoninus Pius (Antoninus Pius), ,138,161,17/03/2023,FRC-PL,https://coindb-prod.ocean.icm.edu.pl/AFE_PL/show_coin?coin_id=216
217,Kaliningrad Oblast' ,Morshanskoe,Roman (Römer),Sestertius (Sestertius) ,Bronze (Ae),Antoninus Pius (Antoninus Pius), ,138,161,17/03/2023,FRC-PL,https://coindb-prod.ocean.icm.edu.pl/AFE_PL/show_coin?coin_id=217
218,Kaliningrad Oblast' ,Morshanskoe,Roman (Römer),Sestertius (Sestertius) ,Bronze (Ae),Antoninus Pius (Antoninus Pius), ,138,161,17/03/2023,FRC-PL,https://coindb-prod.ocean.icm.edu.pl/AFE_PL/show_coin?coin_id=218
219,Kaliningrad Oblast' ,Morshanskoe,Roman (Römer),Sestertius (Sestertius) ,Bronze (Ae),Antoninus Pius (Antoninus Pius), ,138,161,17/03/2023,FRC-PL,https://coindb-prod.ocean.icm.edu.pl/AFE_PL/show_coin?coin_id=219
220,Kaliningrad Oblast' ,Morshanskoe,Roman (Römer),Sestertius (Sestertius) ,Bronze (Ae),Antoninus Pius (Antoninus Pius), ,138,161,17/03/2023,FRC-PL,https://coindb-prod.ocean.icm.edu.pl/AFE_PL/show_coin?coin_id=220
221,Kaliningrad Oblast' ,Morshanskoe,Roman (Römer),Sestertius (Sestertius) ,Bronze (Ae),Antoninus Pius (Antoninus Pius), ,138,161,17/03/2023,FRC-PL,https://coindb-prod.ocean.icm.edu.pl/AFE_PL/show_coin?coin_id=221
222,Kaliningrad Oblast' ,Morshanskoe,Roman (Römer),Sestertius (Sestertius) ,Bronze (Ae),Antoninus Pius (Antoninus Pius), ,138,161,17/03/2023,FRC-PL,https://coindb-prod.ocean.icm.edu.pl/AFE_PL/show_coin?coin_id=222
223,Kaliningrad Oblast' ,Morshanskoe,Roman (Römer),Sestertius (Sestertius) ,Bronze (Ae),Antoninus Pius (Antoninus Pius), ,138,161,17/03/2023,FRC-PL,https://coindb-prod.ocean.icm.edu.pl/AFE_PL/show_coin?coin_id=223
224,Kaliningrad Oblast' ,Morshanskoe,Roman (Römer),Sestertius (Sestertius) ,Bronze (Ae),Antoninus Pius (Antoninus Pius), ,138,161,17/03/2023,FRC-PL,https://coindb-prod.ocean.icm.edu.pl/AFE_PL/show_coin?coin_id=224
225,Kaliningrad Oblast' ,Morshanskoe,Roman (Römer),Sestertius (Sestertius) ,Bronze (Ae),Antoninus Pius (Antoninus Pius), ,138,161,17/03/2023,FRC-PL,https://coindb-prod.ocean.icm.edu.pl/AFE_PL/show_coin?coin_id=225
226,Kaliningrad Oblast' ,Morshanskoe,Roman (Römer),Sestertius (Sestertius) ,Bronze (Ae),Antoninus Pius (Antoninus Pius), ,138,161,17/03/2023,FRC-PL,https://coindb-prod.ocean.icm.edu.pl/AFE_PL/show_coin?coin_id=226
227,Kaliningrad Oblast' ,Morshanskoe,Roman (Römer),Sestertius (Sestertius) ,Bronze (Ae),Antoninus Pius (Antoninus Pius), ,138,161,17/03/2023,FRC-PL,https://coindb-prod.ocean.icm.edu.pl/AFE_PL/show_coin?coin_id=227
228,Kaliningrad Oblast' ,Morshanskoe,Roman (Römer),Sestertius (Sestertius) ,Bronze (Ae),Antoninus Pius (Antoninus Pius), ,138,161,17/03/2023,FRC-PL,https://coindb-prod.ocean.icm.edu.pl/AFE_PL/show_coin?coin_id=228
229,Kaliningrad Oblast' ,Morshanskoe,Roman (Römer),Sestertius (Sestertius) ,Bronze (Ae),Antoninus Pius (Antoninus Pius), ,138,161,17/03/2023,FRC-PL,https://coindb-prod.ocean.icm.edu.pl/AFE_PL/show_coin?coin_id=229
230,Kaliningrad Oblast' ,Morshanskoe,Roman (Römer),Sestertius (Sestertius) ,Bronze (Ae),Antoninus Pius (Antoninus Pius), ,138,161,17/03/2023,FRC-PL,https://coindb-prod.ocean.icm.edu.pl/AFE_PL/show_coin?coin_id=230
231,Kaliningrad Oblast' ,Morshanskoe,Roman (Römer),Sestertius (Sestertius) ,Bronze (Ae),Antoninus Pius (Antoninus Pius), ,138,161,17/03/2023,FRC-PL,https://coindb-prod.ocean.icm.edu.pl/AFE_PL/show_coin?coin_id=231
232,Kaliningrad Oblast' ,Morshanskoe,Roman (Römer),Sestertius (Sestertius) ,Bronze (Ae),Antoninus Pius (Antoninus Pius), ,138,161,17/03/2023,FRC-PL,https://coindb-prod.ocean.icm.edu.pl/AFE_PL/show_coin?coin_id=232
233,Kaliningrad Oblast' ,Morshanskoe,Roman (Römer),Sestertius (Sestertius) ,Bronze (Ae),Antoninus Pius (Antoninus Pius), ,138,161,17/03/2023,FRC-PL,https://coindb-prod.ocean.icm.edu.pl/AFE_PL/show_coin?coin_id=233
234,Kaliningrad Oblast' ,Morshanskoe,Roman (Römer),Sestertius (Sestertius) ,Bronze (Ae),Antoninus Pius (Antoninus Pius), ,138,161,17/03/2023,FRC-PL,https://coindb-prod.ocean.icm.edu.pl/AFE_PL/show_coin?coin_id=234
235,Kaliningrad Oblast' ,Morshanskoe,Roman (Römer),Sestertius (Sestertius) ,Bronze (Ae),Antoninus Pius (Antoninus Pius), ,138,161,17/03/2023,FRC-PL,https://coindb-prod.ocean.icm.edu.pl/AFE_PL/show_coin?coin_id=235
236,Kaliningrad Oblast' ,Morshanskoe,Roman (Römer),Sestertius (Sestertius) ,Bronze (Ae),Antoninus Pius (Antoninus Pius), ,138,161,17/03/2023,FRC-PL,https://coindb-prod.ocean.icm.edu.pl/AFE_PL/show_coin?coin_id=236
237,Kaliningrad Oblast' ,Morshanskoe,Roman (Römer),Sestertius (Sestertius) ,Bronze (Ae),Antoninus Pius (Antoninus Pius), ,138,161,17/03/2023,FRC-PL,https://coindb-prod.ocean.icm.edu.pl/AFE_PL/show_coin?coin_id=237
238,Kaliningrad Oblast' ,Morshanskoe,Roman (Römer),Sestertius (Sestertius) ,Bronze (Ae),Antoninus Pius (Antoninus Pius), ,147,161,17/03/2023,FRC-PL,https://coindb-prod.ocean.icm.edu.pl/AFE_PL/show_coin?coin_id=238
239,Kaliningrad Oblast' ,Morshanskoe,Roman (Römer),Sestertius (Sestertius) ,Bronze (Ae),Antoninus Pius (Antoninus Pius), ,138,161,17/03/2023,FRC-PL,https://coindb-prod.ocean.icm.edu.pl/AFE_PL/show_coin?coin_id=239
240,Kaliningrad Oblast' ,Morshanskoe,Roman (Römer),Sestertius (Sestertius) ,Bronze (Ae),Antoninus Pius (Antoninus Pius), ,138,161,17/03/2023,FRC-PL,https://coindb-prod.ocean.icm.edu.pl/AFE_PL/show_coin?coin_id=240
241,Kaliningrad Oblast' ,Morshanskoe,Roman (Römer),Sestertius (Sestertius) ,Bronze (Ae),Antoninus Pius (Antoninus Pius), ,138,161,17/03/2023,FRC-PL,https://coindb-prod.ocean.icm.edu.pl/AFE_PL/show_coin?coin_id=241
242,Kaliningrad Oblast' ,Morshanskoe,Roman (Römer),Sestertius (Sestertius) ,Bronze (Ae),Antoninus Pius (Antoninus Pius), ,138,161,17/03/2023,FRC-PL,https://coindb-prod.ocean.icm.edu.pl/AFE_PL/show_coin?coin_id=242
243,Kaliningrad Oblast' ,Morshanskoe,Roman (Römer),Sestertius (Sestertius) ,Bronze (Ae),Antoninus Pius (Antoninus Pius), ,138,161,17/03/2023,FRC-PL,https://coindb-prod.ocean.icm.edu.pl/AFE_PL/show_coin?coin_id=243
244,Kaliningrad Oblast' ,Morshanskoe,Roman (Römer),Sestertius (Sestertius) ,Bronze (Ae),Antoninus Pius (Antoninus Pius), ,138,161,17/03/2023,FRC-PL,https://coindb-prod.ocean.icm.edu.pl/AFE_PL/show_coin?coin_id=244
245,Kaliningrad Oblast' ,Morshanskoe,Roman (Römer),Sestertius (Sestertius) ,Bronze (Ae),Antoninus Pius (Antoninus Pius), ,138,161,17/03/2023,FRC-PL,https://coindb-prod.ocean.icm.edu.pl/AFE_PL/show_coin?coin_id=245
246,Kaliningrad Oblast' ,Morshanskoe,Roman (Römer),Sestertius (Sestertius) ,Bronze (Ae),Antoninus Pius (Antoninus Pius), ,138,161,17/03/2023,FRC-PL,https://coindb-prod.ocean.icm.edu.pl/AFE_PL/show_coin?coin_id=246
247,Kaliningrad Oblast' ,Morshanskoe,Roman (Römer),Sestertius (Sestertius) ,Bronze (Ae),Antoninus Pius (Antoninus Pius), ,138,161,17/03/2023,FRC-PL,https://coindb-prod.ocean.icm.edu.pl/AFE_PL/show_coin?coin_id=247
248,Kaliningrad Oblast' ,Morshanskoe,Roman (Römer),Sestertius (Sestertius) ,Bronze (Ae),Antoninus Pius (Antoninus Pius), ,138,161,17/03/2023,FRC-PL,https://coindb-prod.ocean.icm.edu.pl/AFE_PL/show_coin?coin_id=248
249,Kaliningrad Oblast' ,Morshanskoe,Roman (Römer),Sestertius (Sestertius) ,Bronze (Ae),Antoninus Pius (Antoninus Pius), ,138,161,17/03/2023,FRC-PL,https://coindb-prod.ocean.icm.edu.pl/AFE_PL/show_coin?coin_id=249
250,Kaliningrad Oblast' ,Morshanskoe,Roman (Römer),Sestertius (Sestertius) ,Bronze (Ae),Antoninus Pius (Antoninus Pius), ,138,161,17/03/2023,FRC-PL,https://coindb-prod.ocean.icm.edu.pl/AFE_PL/show_coin?coin_id=250
251,Kaliningrad Oblast' ,Morshanskoe,Roman (Römer),Sestertius (Sestertius) ,Bronze (Ae),Antoninus Pius (Antoninus Pius), ,138,161,17/03/2023,FRC-PL,https://coindb-prod.ocean.icm.edu.pl/AFE_PL/show_coin?coin_id=251
252,Kaliningrad Oblast' ,Morshanskoe,Roman (Römer),Sestertius (Sestertius) ,Bronze (Ae),Antoninus Pius (Antoninus Pius), ,138,161,17/03/2023,FRC-PL,https://coindb-prod.ocean.icm.edu.pl/AFE_PL/show_coin?coin_id=252
253,Kaliningrad Oblast' ,Morshanskoe,Roman (Römer),Sestertius (Sestertius) ,Bronze (Ae),Antoninus Pius (Antoninus Pius), ,138,161,17/03/2023,FRC-PL,https://coindb-prod.ocean.icm.edu.pl/AFE_PL/show_coin?coin_id=253
254,Kaliningrad Oblast' ,Morshanskoe,Roman (Römer),Sestertius (Sestertius) ,Bronze (Ae),Antoninus Pius (Antoninus Pius), ,138,161,17/03/2023,FRC-PL,https://coindb-prod.ocean.icm.edu.pl/AFE_PL/show_coin?coin_id=254
255,Kaliningrad Oblast' ,Morshanskoe,Roman (Römer),Sestertius (Sestertius) ,Bronze (Ae),Antoninus Pius (Antoninus Pius), ,138,161,17/03/2023,FRC-PL,https://coindb-prod.ocean.icm.edu.pl/AFE_PL/show_coin?coin_id=255
256,Kaliningrad Oblast' ,Morshanskoe,Roman (Römer),Sestertius (Sestertius) ,Bronze (Ae),Antoninus Pius (Antoninus Pius), ,138,161,17/03/2023,FRC-PL,https://coindb-prod.ocean.icm.edu.pl/AFE_PL/show_coin?coin_id=256
257,Kaliningrad Oblast' ,Morshanskoe,Roman (Römer),Sestertius (Sestertius) ,Bronze (Ae),Antoninus Pius (Antoninus Pius), ,138,161,17/03/2023,FRC-PL,https://coindb-prod.ocean.icm.edu.pl/AFE_PL/show_coin?coin_id=257
258,Kaliningrad Oblast' ,Morshanskoe,Roman (Römer),Sestertius (Sestertius) ,Bronze (Ae),Antoninus Pius (Antoninus Pius), ,138,161,17/03/2023,FRC-PL,https://coindb-prod.ocean.icm.edu.pl/AFE_PL/show_coin?coin_id=258
259,Kaliningrad Oblast' ,Morshanskoe,Roman (Römer),Sestertius (Sestertius) ,Bronze (Ae),Antoninus Pius (Antoninus Pius), ,138,161,17/03/2023,FRC-PL,https://coindb-prod.ocean.icm.edu.pl/AFE_PL/show_coin?coin_id=259
260,Kaliningrad Oblast' ,Morshanskoe,Roman (Römer),Sestertius (Sestertius) ,Bronze (Ae),Antoninus Pius (Antoninus Pius), ,138,161,17/03/2023,FRC-PL,https://coindb-prod.ocean.icm.edu.pl/AFE_PL/show_coin?coin_id=260
261,Kaliningrad Oblast' ,Morshanskoe,Roman (Römer),Sestertius (Sestertius) ,Bronze (Ae),Antoninus Pius (Antoninus Pius), ,138,161,17/03/2023,FRC-PL,https://coindb-prod.ocean.icm.edu.pl/AFE_PL/show_coin?coin_id=261
262,Kaliningrad Oblast' ,Morshanskoe,Roman (Römer),Sestertius (Sestertius) ,Bronze (Ae),Antoninus Pius (Antoninus Pius), ,138,161,17/03/2023,FRC-PL,https://coindb-prod.ocean.icm.edu.pl/AFE_PL/show_coin?coin_id=262
263,Kaliningrad Oblast' ,Morshanskoe,Roman (Römer),Sestertius (Sestertius) ,Bronze (Ae),Antoninus Pius (Antoninus Pius), ,138,161,17/03/2023,FRC-PL,https://coindb-prod.ocean.icm.edu.pl/AFE_PL/show_coin?coin_id=263
264,Kaliningrad Oblast' ,Morshanskoe,Roman (Römer),Sestertius (Sestertius) ,Bronze (Ae),Antoninus Pius (Antoninus Pius), ,138,161,17/03/2023,FRC-PL,https://coindb-prod.ocean.icm.edu.pl/AFE_PL/show_coin?coin_id=264
265,Kaliningrad Oblast' ,Morshanskoe,Roman (Römer),Sestertius (Sestertius) ,Bronze (Ae),Antoninus Pius (Antoninus Pius), ,138,161,17/03/2023,FRC-PL,https://coindb-prod.ocean.icm.edu.pl/AFE_PL/show_coin?coin_id=265
266,Kaliningrad Oblast' ,Morshanskoe,Roman (Römer),Sestertius (Sestertius) ,Bronze (Ae),Antoninus Pius (Antoninus Pius), ,138,161,17/03/2023,FRC-PL,https://coindb-prod.ocean.icm.edu.pl/AFE_PL/show_coin?coin_id=266
267,Kaliningrad Oblast' ,Morshanskoe,Roman (Römer),Sestertius (Sestertius) ,Bronze (Ae),Antoninus Pius (Antoninus Pius), ,138,161,17/03/2023,FRC-PL,https://coindb-prod.ocean.icm.edu.pl/AFE_PL/show_coin?coin_id=267
268,Kaliningrad Oblast' ,Morshanskoe,Roman (Römer),Sestertius (Sestertius) ,Bronze (Ae),Antoninus Pius (Antoninus Pius), ,138,161,17/03/2023,FRC-PL,https://coindb-prod.ocean.icm.edu.pl/AFE_PL/show_coin?coin_id=268
269,Kaliningrad Oblast' ,Morshanskoe,Roman (Römer),Sestertius (Sestertius) ,Bronze (Ae),Antoninus Pius (Antoninus Pius), ,138,161,17/03/2023,FRC-PL,https://coindb-prod.ocean.icm.edu.pl/AFE_PL/show_coin?coin_id=269
270,Kaliningrad Oblast' ,Morshanskoe,Roman (Römer),Sestertius (Sestertius) ,Bronze (Ae),Antoninus Pius (Antoninus Pius), ,138,161,17/03/2023,FRC-PL,https://coindb-prod.ocean.icm.edu.pl/AFE_PL/show_coin?coin_id=270
271,Kaliningrad Oblast' ,Morshanskoe,Roman (Römer),Sestertius (Sestertius) ,Bronze (Ae),Antoninus Pius (Antoninus Pius), ,138,161,17/03/2023,FRC-PL,https://coindb-prod.ocean.icm.edu.pl/AFE_PL/show_coin?coin_id=271
272,Kaliningrad Oblast' ,Morshanskoe,Roman (Römer),Sestertius (Sestertius) ,Bronze (Ae),Antoninus Pius (Antoninus Pius), ,138,161,17/03/2023,FRC-PL,https://coindb-prod.ocean.icm.edu.pl/AFE_PL/show_coin?coin_id=272
273,Kaliningrad Oblast' ,Morshanskoe,Roman (Römer),Sestertius (Sestertius) ,Bronze (Ae),Antoninus Pius (Antoninus Pius), ,138,161,17/03/2023,FRC-PL,https://coindb-prod.ocean.icm.edu.pl/AFE_PL/show_coin?coin_id=273
274,Kaliningrad Oblast' ,Morshanskoe,Roman (Römer),Sestertius (Sestertius) ,Bronze (Ae),Antoninus Pius (Antoninus Pius), ,138,161,17/03/2023,FRC-PL,https://coindb-prod.ocean.icm.edu.pl/AFE_PL/show_coin?coin_id=274
275,Kaliningrad Oblast' ,Morshanskoe,Roman (Römer),Sestertius (Sestertius) ,Bronze (Ae),Antoninus Pius (Antoninus Pius), ,138,161,17/03/2023,FRC-PL,https://coindb-prod.ocean.icm.edu.pl/AFE_PL/show_coin?coin_id=275
276,Kaliningrad Oblast' ,Morshanskoe,Roman (Römer),Sestertius (Sestertius) ,Bronze (Ae),Antoninus Pius (Antoninus Pius), ,138,161,17/03/2023,FRC-PL,https://coindb-prod.ocean.icm.edu.pl/AFE_PL/show_coin?coin_id=276
277,Kaliningrad Oblast' ,Morshanskoe,Roman (Römer),Sestertius (Sestertius) ,Bronze (Ae),Antoninus Pius (Antoninus Pius), ,138,161,17/03/2023,FRC-PL,https://coindb-prod.ocean.icm.edu.pl/AFE_PL/show_coin?coin_id=277
278,Kaliningrad Oblast' ,Morshanskoe,Roman (Römer),Sestertius (Sestertius) ,Bronze (Ae),Antoninus Pius (Antoninus Pius), ,138,161,17/03/2023,FRC-PL,https://coindb-prod.ocean.icm.edu.pl/AFE_PL/show_coin?coin_id=278
279,Kaliningrad Oblast' ,Morshanskoe,Roman (Römer),Sestertius (Sestertius) ,Bronze (Ae),Antoninus Pius (Antoninus Pius), ,138,161,17/03/2023,FRC-PL,https://coindb-prod.ocean.icm.edu.pl/AFE_PL/show_coin?coin_id=279
280,Kaliningrad Oblast' ,Morshanskoe,Roman (Römer),Sestertius (Sestertius) ,Bronze (Ae),Antoninus Pius (Antoninus Pius), ,138,161,17/03/2023,FRC-PL,https://coindb-prod.ocean.icm.edu.pl/AFE_PL/show_coin?coin_id=280
281,Kaliningrad Oblast' ,Morshanskoe,Roman (Römer),Sestertius (Sestertius) ,Bronze (Ae),Antoninus Pius (Antoninus Pius), ,138,161,17/03/2023,FRC-PL,https://coindb-prod.ocean.icm.edu.pl/AFE_PL/show_coin?coin_id=281
282,Kaliningrad Oblast' ,Morshanskoe,Roman (Römer),Sestertius (Sestertius) ,Bronze (Ae),Antoninus Pius (Antoninus Pius), ,138,161,17/03/2023,FRC-PL,https://coindb-prod.ocean.icm.edu.pl/AFE_PL/show_coin?coin_id=282
283,Kaliningrad Oblast' ,Morshanskoe,Roman (Römer),Sestertius (Sestertius) ,Bronze (Ae),Antoninus Pius (Antoninus Pius), ,138,161,17/03/2023,FRC-PL,https://coindb-prod.ocean.icm.edu.pl/AFE_PL/show_coin?coin_id=283
284,Kaliningrad Oblast' ,Morshanskoe,Roman (Römer),Sestertius (Sestertius) ,Bronze (Ae),Antoninus Pius (Antoninus Pius), ,138,161,17/03/2023,FRC-PL,https://coindb-prod.ocean.icm.edu.pl/AFE_PL/show_coin?coin_id=284
285,Kaliningrad Oblast' ,Morshanskoe,Roman (Römer),Sestertius (Sestertius) ,Bronze (Ae),Antoninus Pius (Antoninus Pius), ,138,161,17/03/2023,FRC-PL,https://coindb-prod.ocean.icm.edu.pl/AFE_PL/show_coin?coin_id=285
286,Kaliningrad Oblast' ,Morshanskoe,Roman (Römer),Sestertius (Sestertius) ,Bronze (Ae),Antoninus Pius (Antoninus Pius), ,138,161,17/03/2023,FRC-PL,https://coindb-prod.ocean.icm.edu.pl/AFE_PL/show_coin?coin_id=286
287,Kaliningrad Oblast' ,Morshanskoe,Roman (Römer),Sestertius (Sestertius) ,Bronze (Ae),Antoninus Pius (Antoninus Pius), ,138,161,17/03/2023,FRC-PL,https://coindb-prod.ocean.icm.edu.pl/AFE_PL/show_coin?coin_id=287
288,Kaliningrad Oblast' ,Morshanskoe,Roman (Römer),Sestertius (Sestertius) ,Bronze (Ae),Antoninus Pius (Antoninus Pius), ,138,161,17/03/2023,FRC-PL,https://coindb-prod.ocean.icm.edu.pl/AFE_PL/show_coin?coin_id=288
289,Kaliningrad Oblast' ,Morshanskoe,Roman (Römer),Sestertius (Sestertius) ,Bronze (Ae),Antoninus Pius (Antoninus Pius), ,138,161,17/03/2023,FRC-PL,https://coindb-prod.ocean.icm.edu.pl/AFE_PL/show_coin?coin_id=289
290,Kaliningrad Oblast' ,Morshanskoe,Roman (Römer),Sestertius (Sestertius) ,Bronze (Ae),Antoninus Pius (Antoninus Pius), ,138,161,17/03/2023,FRC-PL,https://coindb-prod.ocean.icm.edu.pl/AFE_PL/show_coin?coin_id=290
291,Kaliningrad Oblast' ,Morshanskoe,Roman (Römer),Sestertius (Sestertius) ,Bronze (Ae),Antoninus Pius (Antoninus Pius), ,138,161,17/03/2023,FRC-PL,https://coindb-prod.ocean.icm.edu.pl/AFE_PL/show_coin?coin_id=291
292,Kaliningrad Oblast' ,Morshanskoe,Roman (Römer),Sestertius (Sestertius) ,Bronze (Ae),Antoninus Pius (Antoninus Pius), ,138,161,17/03/2023,FRC-PL,https://coindb-prod.ocean.icm.edu.pl/AFE_PL/show_coin?coin_id=292
293,Kaliningrad Oblast' ,Morshanskoe,Roman (Römer),Sestertius (Sestertius) ,Bronze (Ae),Antoninus Pius (Antoninus Pius), ,138,161,17/03/2023,FRC-PL,https://coindb-prod.ocean.icm.edu.pl/AFE_PL/show_coin?coin_id=293
294,Deszczno,Deszczno,Roman (Römer), ,,Septimius Severus (Septimius Severus), ,193,211,17/03/2023,FRC-PL,https://coindb-prod.ocean.icm.edu.pl/AFE_PL/show_coin?coin_id=294
295,Deszczno,Deszczno,Roman (Römer), ,,Septimius Severus (Septimius Severus), ,193,211,17/03/2023,FRC-PL,https://coindb-prod.ocean.icm.edu.pl/AFE_PL/show_coin?coin_id=295
296,Deszczno,Deszczno,Roman (Römer), ,,Constantinus I (Constantinus I.),Treveri (Tre) ,317,340,17/03/2023,FRC-PL,https://coindb-prod.ocean.icm.edu.pl/AFE_PL/show_coin?coin_id=296
298,mrągowski,Babięta,Roman (Römer),Bronze (Bronze) ,Bronze (Ae),Traianus (Traianus), ,98,117,17/03/2023,FRC-PL,https://coindb-prod.ocean.icm.edu.pl/AFE_PL/show_coin?coin_id=298
299,mrągowski,Babięta,Roman (Römer),Denarius (Denarius) ,Silver (Ag),Traianus (Traianus), ,98,117,17/03/2023,FRC-PL,https://coindb-prod.ocean.icm.edu.pl/AFE_PL/show_coin?coin_id=299
300,,,, ,,Valens (Valens), ,-123,-112,17/03/2023,FRC-PL,https://coindb-prod.ocean.icm.edu.pl/AFE_PL/show_coin?coin_id=300
301,Turkivs'kȳǐ raǐon,Borynya,Roman (Römer),Denarius (Denarius) ,Silver (Ag),Traianus (Traianus),Roma (Rom) ,,,17/03/2023,FRC-PL,https://coindb-prod.ocean.icm.edu.pl/AFE_PL/show_coin?coin_id=301
302,Turkivs'kȳǐ raǐon,Borynya,Roman (Römer),Denarius (Denarius) ,Silver (Ag),Traianus (Traianus),Roma (Rom) ,,,17/03/2023,FRC-PL,https://coindb-prod.ocean.icm.edu.pl/AFE_PL/show_coin?coin_id=302
303,Turkivs'kȳǐ raǐon,Borynya,Roman (Römer),Denarius (Denarius) ,Silver (Ag),Hadrianus (Hadrianus),Roma (Rom) ,119,138,17/03/2023,FRC-PL,https://coindb-prod.ocean.icm.edu.pl/AFE_PL/show_coin?coin_id=303
304,Turkivs'kȳǐ raǐon,Borynya,Roman (Römer),Denarius (Denarius) ,Silver (Ag),Hadrianus (Hadrianus),Roma (Rom) ,119,138,17/03/2023,FRC-PL,https://coindb-prod.ocean.icm.edu.pl/AFE_PL/show_coin?coin_id=304
305,Turkivs'kȳǐ raǐon,Borynya,Roman (Römer),Denarius (Denarius) ,Silver (Ag),Hadrianus (Hadrianus),Roma (Rom) ,119,138,17/03/2023,FRC-PL,https://coindb-prod.ocean.icm.edu.pl/AFE_PL/show_coin?coin_id=305
306,Turkivs'kȳǐ raǐon,Borynya,Roman (Römer),Denarius (Denarius) ,Silver (Ag),Hadrianus (Hadrianus),Roma (Rom) ,119,138,17/03/2023,FRC-PL,https://coindb-prod.ocean.icm.edu.pl/AFE_PL/show_coin?coin_id=306
307,Turkivs'kȳǐ raǐon,Borynya,Roman (Römer),Denarius (Denarius) ,Silver (Ag),Hadrianus (Hadrianus),Roma (Rom) ,119,138,17/03/2023,FRC-PL,https://coindb-prod.ocean.icm.edu.pl/AFE_PL/show_coin?coin_id=307
308,Turkivs'kȳǐ raǐon,Borynya,Roman (Römer),Denarius (Denarius) ,Silver (Ag),Hadrianus (Hadrianus),Roma (Rom) ,119,138,17/03/2023,FRC-PL,https://coindb-prod.ocean.icm.edu.pl/AFE_PL/show_coin?coin_id=308
309,Turkivs'kȳǐ raǐon,Borynya,Roman (Römer),Denarius (Denarius) ,Silver (Ag),Hadrianus (Hadrianus),Roma (Rom) ,119,138,17/03/2023,FRC-PL,https://coindb-prod.ocean.icm.edu.pl/AFE_PL/show_coin?coin_id=309
310,Turkivs'kȳǐ raǐon,Borynya,Roman (Römer),Denarius (Denarius) ,Silver (Ag),Hadrianus (Hadrianus),Roma (Rom) ,119,138,17/03/2023,FRC-PL,https://coindb-prod.ocean.icm.edu.pl/AFE_PL/show_coin?coin_id=310
311,Turkivs'kȳǐ raǐon,Borynya,Roman (Römer),Denarius (Denarius) ,Silver (Ag),Hadrianus (Hadrianus),Roma (Rom) ,119,138,17/03/2023,FRC-PL,https://coindb-prod.ocean.icm.edu.pl/AFE_PL/show_coin?coin_id=311
312,Turkivs'kȳǐ raǐon,Borynya,Roman (Römer),Denarius (Denarius) ,Silver (Ag),Hadrianus (Hadrianus),Roma (Rom) ,119,138,17/03/2023,FRC-PL,https://coindb-prod.ocean.icm.edu.pl/AFE_PL/show_coin?coin_id=312
313,Turkivs'kȳǐ raǐon,Borynya,Roman (Römer),Denarius (Denarius) ,Silver (Ag),Antoninus Pius (Antoninus Pius),Roma (Rom) ,139,139,17/03/2023,FRC-PL,https://coindb-prod.ocean.icm.edu.pl/AFE_PL/show_coin?coin_id=313
314,Turkivs'kȳǐ raǐon,Borynya,Roman (Römer),Denarius (Denarius) ,Silver (Ag),Antoninus Pius (Antoninus Pius),Roma (Rom) ,145,161,17/03/2023,FRC-PL,https://coindb-prod.ocean.icm.edu.pl/AFE_PL/show_coin?coin_id=314
315,Turkivs'kȳǐ raǐon,Borynya,Roman (Römer),Denarius (Denarius) ,Silver (Ag),Antoninus Pius (Antoninus Pius),Roma (Rom) ,145,161,17/03/2023,FRC-PL,https://coindb-prod.ocean.icm.edu.pl/AFE_PL/show_coin?coin_id=315
316,Turkivs'kȳǐ raǐon,Borynya,Roman (Römer),Denarius (Denarius) ,Silver (Ag),Antoninus Pius (Antoninus Pius),Roma (Rom) ,145,161,17/03/2023,FRC-PL,https://coindb-prod.ocean.icm.edu.pl/AFE_PL/show_coin?coin_id=316
317,Turkivs'kȳǐ raǐon,Borynya,Roman (Römer),Denarius (Denarius) ,Silver (Ag),Antoninus Pius (Antoninus Pius),Roma (Rom) ,145,161,17/03/2023,FRC-PL,https://coindb-prod.ocean.icm.edu.pl/AFE_PL/show_coin?coin_id=317
318,Turkivs'kȳǐ raǐon,Borynya,Roman (Römer),Denarius (Denarius) ,Silver (Ag),Antoninus Pius (Antoninus Pius),Roma (Rom) ,154,161,17/03/2023,FRC-PL,https://coindb-prod.ocean.icm.edu.pl/AFE_PL/show_coin?coin_id=318
319,Turkivs'kȳǐ raǐon,Borynya,Roman (Römer),Denarius (Denarius) ,Silver (Ag),Antoninus Pius (Antoninus Pius),Roma (Rom) ,151,152,17/03/2023,FRC-PL,https://coindb-prod.ocean.icm.edu.pl/AFE_PL/show_coin?coin_id=319
320,Turkivs'kȳǐ raǐon,Borynya,Roman (Römer),Denarius (Denarius) ,Silver (Ag),Antoninus Pius (Antoninus Pius),Roma (Rom) ,154,156,17/03/2023,FRC-PL,https://coindb-prod.ocean.icm.edu.pl/AFE_PL/show_coin?coin_id=320
321,Turkivs'kȳǐ raǐon,Borynya,Roman (Römer),Denarius (Denarius) ,Silver (Ag),Antoninus Pius (Antoninus Pius),Roma (Rom) ,154,156,17/03/2023,FRC-PL,https://coindb-prod.ocean.icm.edu.pl/AFE_PL/show_coin?coin_id=321
322,Turkivs'kȳǐ raǐon,Borynya,Roman (Römer),Denarius (Denarius) ,Silver (Ag),Antoninus Pius (Antoninus Pius),Roma (Rom) ,154,156,17/03/2023,FRC-PL,https://coindb-prod.ocean.icm.edu.pl/AFE_PL/show_coin?coin_id=322
323,Turkivs'kȳǐ raǐon,Borynya,Roman (Römer),Denarius (Denarius) ,Silver (Ag),Antoninus Pius (Antoninus Pius),Roma (Rom) ,155,157,17/03/2023,FRC-PL,https://coindb-prod.ocean.icm.edu.pl/AFE_PL/show_coin?coin_id=323
324,Turkivs'kȳǐ raǐon,Borynya,Roman (Römer),Denarius (Denarius) ,Silver (Ag),Antoninus Pius (Antoninus Pius),Roma (Rom) ,159,160,17/03/2023,FRC-PL,https://coindb-prod.ocean.icm.edu.pl/AFE_PL/show_coin?coin_id=324
325,Turkivs'kȳǐ raǐon,Borynya,Roman (Römer),Denarius (Denarius) ,Silver (Ag),Antoninus Pius (Antoninus Pius),Roma (Rom) ,159,160,17/03/2023,FRC-PL,https://coindb-prod.ocean.icm.edu.pl/AFE_PL/show_coin?coin_id=325
326,Turkivs'kȳǐ raǐon,Borynya,Roman (Römer),Denarius (Denarius) ,Silver (Ag),Antoninus Pius (Antoninus Pius),Roma (Rom) ,159,160,17/03/2023,FRC-PL,https://coindb-prod.ocean.icm.edu.pl/AFE_PL/show_coin?coin_id=326
327,Turkivs'kȳǐ raǐon,Borynya,Roman (Römer),Denarius (Denarius) ,Silver (Ag),Antoninus Pius (Antoninus Pius),Roma (Rom) ,159,161,17/03/2023,FRC-PL,https://coindb-prod.ocean.icm.edu.pl/AFE_PL/show_coin?coin_id=327
328,Turkivs'kȳǐ raǐon,Borynya,Roman (Römer),Denarius (Denarius) ,Silver (Ag),Marcus Aurelius (Marcus Aurelius),Roma (Rom) ,161,,17/03/2023,FRC-PL,https://coindb-prod.ocean.icm.edu.pl/AFE_PL/show_coin?coin_id=328
329,Turkivs'kȳǐ raǐon,Borynya,Roman (Römer),Denarius (Denarius) ,Silver (Ag),Marcus Aurelius (Marcus Aurelius),Roma (Rom) ,161,,17/03/2023,FRC-PL,https://coindb-prod.ocean.icm.edu.pl/AFE_PL/show_coin?coin_id=329
330,Turkivs'kȳǐ raǐon,Borynya,Roman (Römer),Denarius (Denarius) ,Silver (Ag),Antoninus Pius (Antoninus Pius),Roma (Rom) ,138,161,17/03/2023,FRC-PL,https://coindb-prod.ocean.icm.edu.pl/AFE_PL/show_coin?coin_id=330
331,Turkivs'kȳǐ raǐon,Borynya,Roman (Römer),Denarius (Denarius) ,Silver (Ag),Antoninus Pius (Antoninus Pius),Roma (Rom) ,138,161,17/03/2023,FRC-PL,https://coindb-prod.ocean.icm.edu.pl/AFE_PL/show_coin?coin_id=331
332,Turkivs'kȳǐ raǐon,Borynya,Roman (Römer),Denarius (Denarius) ,Silver (Ag),Antoninus Pius (Antoninus Pius),Roma (Rom) ,138,161,17/03/2023,FRC-PL,https://coindb-prod.ocean.icm.edu.pl/AFE_PL/show_coin?coin_id=332
333,Turkivs'kȳǐ raǐon,Borynya,Roman (Römer),Denarius (Denarius) ,Silver (Ag),Antoninus Pius (Antoninus Pius),Roma (Rom) ,140,143,17/03/2023,FRC-PL,https://coindb-prod.ocean.icm.edu.pl/AFE_PL/show_coin?coin_id=333
334,Turkivs'kȳǐ raǐon,Borynya,Roman (Römer),Denarius (Denarius) ,Silver (Ag),Antoninus Pius (Antoninus Pius),Roma (Rom) ,138,161,17/03/2023,FRC-PL,https://coindb-prod.ocean.icm.edu.pl/AFE_PL/show_coin?coin_id=334
335,Turkivs'kȳǐ raǐon,Borynya,Roman (Römer),Denarius (Denarius) ,Silver (Ag),Antoninus Pius (Antoninus Pius),Roma (Rom) ,140,143,17/03/2023,FRC-PL,https://coindb-prod.ocean.icm.edu.pl/AFE_PL/show_coin?coin_id=335
336,Turkivs'kȳǐ raǐon,Borynya,Roman (Römer),Denarius (Denarius) ,Silver (Ag),Antoninus Pius (Antoninus Pius),Roma (Rom) ,138,161,17/03/2023,FRC-PL,https://coindb-prod.ocean.icm.edu.pl/AFE_PL/show_coin?coin_id=336
337,Turkivs'kȳǐ raǐon,Borynya,Roman (Römer),Denarius (Denarius) ,Silver (Ag),Antoninus Pius (Antoninus Pius),Roma (Rom) ,138,161,17/03/2023,FRC-PL,https://coindb-prod.ocean.icm.edu.pl/AFE_PL/show_coin?coin_id=337
338,Turkivs'kȳǐ raǐon,Borynya,Roman (Römer),Denarius (Denarius) ,Silver (Ag),Antoninus Pius (Antoninus Pius),Roma (Rom) ,138,161,17/03/2023,FRC-PL,https://coindb-prod.ocean.icm.edu.pl/AFE_PL/show_coin?coin_id=338
339,Turkivs'kȳǐ raǐon,Borynya,Roman (Römer),Denarius (Denarius) ,Silver (Ag),Antoninus Pius (Antoninus Pius),Roma (Rom) ,138,161,17/03/2023,FRC-PL,https://coindb-prod.ocean.icm.edu.pl/AFE_PL/show_coin?coin_id=339
340,Turkivs'kȳǐ raǐon,Borynya,Roman (Römer),Denarius (Denarius) ,Silver (Ag),Antoninus Pius (Antoninus Pius),Roma (Rom) ,138,161,17/03/2023,FRC-PL,https://coindb-prod.ocean.icm.edu.pl/AFE_PL/show_coin?coin_id=340
341,Turkivs'kȳǐ raǐon,Borynya,Roman (Römer),Denarius (Denarius) ,Silver (Ag),Antoninus Pius (Antoninus Pius),Roma (Rom) ,141,141,17/03/2023,FRC-PL,https://coindb-prod.ocean.icm.edu.pl/AFE_PL/show_coin?coin_id=341
342,Turkivs'kȳǐ raǐon,Borynya,Roman (Römer),Denarius (Denarius) ,Silver (Ag),Antoninus Pius (Antoninus Pius),Roma (Rom) ,141,141,17/03/2023,FRC-PL,https://coindb-prod.ocean.icm.edu.pl/AFE_PL/show_coin?coin_id=342
343,Turkivs'kȳǐ raǐon,Borynya,Roman (Römer),Denarius (Denarius) ,Silver (Ag),Antoninus Pius (Antoninus Pius),Roma (Rom) ,145,160,17/03/2023,FRC-PL,https://coindb-prod.ocean.icm.edu.pl/AFE_PL/show_coin?coin_id=343
346,Turkivs'kȳǐ raǐon,Borynya,Roman (Römer),Denarius (Denarius) ,Silver (Ag),Antoninus Pius (Antoninus Pius),Roma (Rom) ,147,149,17/03/2023,FRC-PL,https://coindb-prod.ocean.icm.edu.pl/AFE_PL/show_coin?coin_id=346
347,Turkivs'kȳǐ raǐon,Borynya,Roman (Römer),Denarius (Denarius) ,Silver (Ag),Antoninus Pius (Antoninus Pius),Roma (Rom) ,147,149,17/03/2023,FRC-PL,https://coindb-prod.ocean.icm.edu.pl/AFE_PL/show_coin?coin_id=347
348,Turkivs'kȳǐ raǐon,Borynya,Roman (Römer),Denarius (Denarius) ,Silver (Ag),Antoninus Pius (Antoninus Pius),Roma (Rom) ,148,150,17/03/2023,FRC-PL,https://coindb-prod.ocean.icm.edu.pl/AFE_PL/show_coin?coin_id=348
349,Turkivs'kȳǐ raǐon,Borynya,Roman (Römer),Denarius (Denarius) ,Silver (Ag),Antoninus Pius (Antoninus Pius),Roma (Rom) ,155,156,17/03/2023,FRC-PL,https://coindb-prod.ocean.icm.edu.pl/AFE_PL/show_coin?coin_id=349
350,Turkivs'kȳǐ raǐon,Borynya,Roman (Römer),Denarius (Denarius) ,Silver (Ag),Antoninus Pius (Antoninus Pius),Roma (Rom) ,139,180,17/03/2023,FRC-PL,https://coindb-prod.ocean.icm.edu.pl/AFE_PL/show_coin?coin_id=350
351,Turkivs'kȳǐ raǐon,Borynya,Roman (Römer),Denarius (Denarius) ,Silver (Ag),Marcus Aurelius (Marcus Aurelius),Roma (Rom) ,161,180,17/03/2023,FRC-PL,https://coindb-prod.ocean.icm.edu.pl/AFE_PL/show_coin?coin_id=351
352,Turkivs'kȳǐ raǐon,Borynya,Roman (Römer),Denarius (Denarius) ,Silver (Ag),Marcus Aurelius (Marcus Aurelius),Roma (Rom) ,161,180,17/03/2023,FRC-PL,https://coindb-prod.ocean.icm.edu.pl/AFE_PL/show_coin?coin_id=352
353,Turkivs'kȳǐ raǐon,Borynya,Roman (Römer),Denarius (Denarius) ,Silver (Ag),Marcus Aurelius (Marcus Aurelius),Roma (Rom) ,163,164,17/03/2023,FRC-PL,https://coindb-prod.ocean.icm.edu.pl/AFE_PL/show_coin?coin_id=353
354,Turkivs'kȳǐ raǐon,Borynya,Roman (Römer),Denarius (Denarius) ,Silver (Ag),Marcus Aurelius (Marcus Aurelius),Roma (Rom) ,162,164,17/03/2023,FRC-PL,https://coindb-prod.ocean.icm.edu.pl/AFE_PL/show_coin?coin_id=354
355,Turkivs'kȳǐ raǐon,Borynya,Roman (Römer),Denarius (Denarius) ,Silver (Ag),Marcus Aurelius (Marcus Aurelius),Roma (Rom) ,162,164,17/03/2023,FRC-PL,https://coindb-prod.ocean.icm.edu.pl/AFE_PL/show_coin?coin_id=355
356,Turkivs'kȳǐ raǐon,Borynya,Roman (Römer),Denarius (Denarius) ,Silver (Ag),Marcus Aurelius (Marcus Aurelius),Roma (Rom) ,162,164,17/03/2023,FRC-PL,https://coindb-prod.ocean.icm.edu.pl/AFE_PL/show_coin?coin_id=356
357,Turkivs'kȳǐ raǐon,Borynya,Roman (Römer),Denarius (Denarius) ,Silver (Ag),Marcus Aurelius (Marcus Aurelius),Roma (Rom) ,163,165,17/03/2023,FRC-PL,https://coindb-prod.ocean.icm.edu.pl/AFE_PL/show_coin?coin_id=357
358,Turkivs'kȳǐ raǐon,Borynya,Roman (Römer),Denarius (Denarius) ,Silver (Ag),Marcus Aurelius (Marcus Aurelius),Roma (Rom) ,163,165,17/03/2023,FRC-PL,https://coindb-prod.ocean.icm.edu.pl/AFE_PL/show_coin?coin_id=358
359,Turkivs'kȳǐ raǐon,Borynya,Roman (Römer),Denarius (Denarius) ,Silver (Ag),Marcus Aurelius (Marcus Aurelius),Roma (Rom) ,163,164,17/03/2023,FRC-PL,https://coindb-prod.ocean.icm.edu.pl/AFE_PL/show_coin?coin_id=359
360,Turkivs'kȳǐ raǐon,Borynya,Roman (Römer),Denarius (Denarius) ,Silver (Ag),Marcus Aurelius (Marcus Aurelius),Roma (Rom) ,163,164,17/03/2023,FRC-PL,https://coindb-prod.ocean.icm.edu.pl/AFE_PL/show_coin?coin_id=360
361,Turkivs'kȳǐ raǐon,Borynya,Roman (Römer),Denarius (Denarius) ,Silver (Ag),Marcus Aurelius (Marcus Aurelius),Roma (Rom) ,163,165,17/03/2023,FRC-PL,https://coindb-prod.ocean.icm.edu.pl/AFE_PL/show_coin?coin_id=361
362,Turkivs'kȳǐ raǐon,Borynya,Roman (Römer),Denarius (Denarius) ,Silver (Ag),Marcus Aurelius (Marcus Aurelius),Roma (Rom) ,165,166,17/03/2023,FRC-PL,https://coindb-prod.ocean.icm.edu.pl/AFE_PL/show_coin?coin_id=362
363,Turkivs'kȳǐ raǐon,Borynya,Roman (Römer),Denarius (Denarius) ,Silver (Ag),Marcus Aurelius (Marcus Aurelius),Roma (Rom) ,165,168,17/03/2023,FRC-PL,https://coindb-prod.ocean.icm.edu.pl/AFE_PL/show_coin?coin_id=363
364,Turkivs'kȳǐ raǐon,Borynya,Roman (Römer),Denarius (Denarius) ,Silver (Ag),Marcus Aurelius (Marcus Aurelius),Roma (Rom) ,168,169,17/03/2023,FRC-PL,https://coindb-prod.ocean.icm.edu.pl/AFE_PL/show_coin?coin_id=364
365,Turkivs'kȳǐ raǐon,Borynya,Roman (Römer),Denarius (Denarius) ,Silver (Ag),Marcus Aurelius (Marcus Aurelius),Roma (Rom) ,168,170,17/03/2023,FRC-PL,https://coindb-prod.ocean.icm.edu.pl/AFE_PL/show_coin?coin_id=365
366,Turkivs'kȳǐ raǐon,Borynya,Roman (Römer),Denarius (Denarius) ,Silver (Ag),Marcus Aurelius (Marcus Aurelius),Roma (Rom) ,169,170,17/03/2023,FRC-PL,https://coindb-prod.ocean.icm.edu.pl/AFE_PL/show_coin?coin_id=366
367,Turkivs'kȳǐ raǐon,Borynya,Roman (Römer),Denarius (Denarius) ,Silver (Ag),Marcus Aurelius (Marcus Aurelius),Roma (Rom) ,169,170,17/03/2023,FRC-PL,https://coindb-prod.ocean.icm.edu.pl/AFE_PL/show_coin?coin_id=367
368,Turkivs'kȳǐ raǐon,Borynya,Roman (Römer),Denarius (Denarius) ,Silver (Ag),Marcus Aurelius (Marcus Aurelius),Roma (Rom) ,170,171,17/03/2023,FRC-PL,https://coindb-prod.ocean.icm.edu.pl/AFE_PL/show_coin?coin_id=368
369,Turkivs'kȳǐ raǐon,Borynya,Roman (Römer),Denarius (Denarius) ,Silver (Ag),Commodus (Commodus),Roma (Rom) ,180,180,17/03/2023,FRC-PL,https://coindb-prod.ocean.icm.edu.pl/AFE_PL/show_coin?coin_id=369
370,Turkivs'kȳǐ raǐon,Borynya,Roman (Römer),Denarius (Denarius) ,Silver (Ag),Antoninus Pius (Antoninus Pius),Roma (Rom) ,139,180,17/03/2023,FRC-PL,https://coindb-prod.ocean.icm.edu.pl/AFE_PL/show_coin?coin_id=370
371,Turkivs'kȳǐ raǐon,Borynya,Roman (Römer),Denarius (Denarius) ,Silver (Ag),Antoninus Pius (Antoninus Pius),Roma (Rom) ,139,180,17/03/2023,FRC-PL,https://coindb-prod.ocean.icm.edu.pl/AFE_PL/show_coin?coin_id=371
372,Turkivs'kȳǐ raǐon,Borynya,Roman (Römer),Denarius (Denarius) ,Silver (Ag),Antoninus Pius (Antoninus Pius),Roma (Rom) ,139,180,17/03/2023,FRC-PL,https://coindb-prod.ocean.icm.edu.pl/AFE_PL/show_coin?coin_id=372
386,Dynów (rural area),Bachórz,Roman (Römer),Denarius (Denarius) ,Silver (Ag),Hadrianus (Hadrianus),Roma (Rom) ,119,122,17/03/2023,FRC-PL,https://coindb-prod.ocean.icm.edu.pl/AFE_PL/show_coin?coin_id=386
387,Bejsce,Bejsce,Roman (Römer),Denarius (Denarius) ,Silver (Ag),Marcus Aurelius (Marcus Aurelius),Roma (Rom) ,161,175,17/03/2023,FRC-PL,https://coindb-prod.ocean.icm.edu.pl/AFE_PL/show_coin?coin_id=387
388,Żegocina,Bełdno,,Bronze (Bronze) ,Bronze (Ae),, ,,,17/03/2023,FRC-PL,https://coindb-prod.ocean.icm.edu.pl/AFE_PL/show_coin?coin_id=388
389,Bochnia (rural area),Bessów,Roman (Römer),Denarius (Denarius) ,Silver (Ag),Traianus (Traianus),Roma (Rom) ,103,111,17/03/2023,FRC-PL,https://coindb-prod.ocean.icm.edu.pl/AFE_PL/show_coin?coin_id=389
390,Zarszyn,Jaćmierz,Ancient (Antik),Denarius (Denarius) ,Silver (Ag),Hadrianus (Hadrianus),Roma (Rom) ,119,122,17/03/2023,FRC-PL,https://coindb-prod.ocean.icm.edu.pl/AFE_PL/show_coin?coin_id=390
391,Łańcut (rural area),Albigowa,Roman (Römer),Sestertius (Sestertius) ,Bronze (Ae),Antoninus Pius (Antoninus Pius),Roma (Rom) ,145,161,17/03/2023,FRC-PL,https://coindb-prod.ocean.icm.edu.pl/AFE_PL/show_coin?coin_id=391
392,Alwernia,Alwernia,,Denarius (Denarius) ,Silver (Ag),Antoninus Pius (Antoninus Pius), ,138,161,17/03/2023,FRC-PL,https://coindb-prod.ocean.icm.edu.pl/AFE_PL/show_coin?coin_id=392
393,Alwernia,Alwernia,,Denarius (Denarius) ,Silver (Ag),Commodus (Commodus), ,180,192,17/03/2023,FRC-PL,https://coindb-prod.ocean.icm.edu.pl/AFE_PL/show_coin?coin_id=393
394,Alwernia,Alwernia,,Denarius (Denarius) ,Silver (Ag),Septimius Severus (Septimius Severus), ,193,211,17/03/2023,FRC-PL,https://coindb-prod.ocean.icm.edu.pl/AFE_PL/show_coin?coin_id=394
395,Alwernia,Alwernia,,Denarius (Denarius) ,Silver (Ag),Elagabalus (Elagabalus), ,220,222,17/03/2023,FRC-PL,https://coindb-prod.ocean.icm.edu.pl/AFE_PL/show_coin?coin_id=395
396,Alwernia,Alwernia,,Denarius (Denarius) ,Silver (Ag),Severus Alexander (Severus Alexander), ,222,235,17/03/2023,FRC-PL,https://coindb-prod.ocean.icm.edu.pl/AFE_PL/show_coin?coin_id=396
397,Alwernia,Alwernia,,Denarius (Denarius) ,Silver (Ag),Severus Alexander (Severus Alexander), ,222,235,17/03/2023,FRC-PL,https://coindb-prod.ocean.icm.edu.pl/AFE_PL/show_coin?coin_id=397
398,Alwernia,Alwernia,,Denarius (Denarius) ,Silver (Ag),Antoninus Pius (Antoninus Pius), ,138,161,17/03/2023,FRC-PL,https://coindb-prod.ocean.icm.edu.pl/AFE_PL/show_coin?coin_id=398
399,Łubnice,Beszowa,Roman (Römer),Denarius (Denarius) ,Silver (Ag),Traianus (Traianus),Roma (Rom) ,103,111,17/03/2023,FRC-PL,https://coindb-prod.ocean.icm.edu.pl/AFE_PL/show_coin?coin_id=399
400,Łubnice,Beszowa,Roman (Römer),Denarius (Denarius) ,Silver (Ag),Traianus (Traianus),Roma (Rom) ,114,117,17/03/2023,FRC-PL,https://coindb-prod.ocean.icm.edu.pl/AFE_PL/show_coin?coin_id=400
401,Łubnice,Beszowa,Roman (Römer),Denarius (Denarius) ,Silver (Ag),Commodus (Commodus),Roma (Rom) ,190,191,17/03/2023,FRC-PL,https://coindb-prod.ocean.icm.edu.pl/AFE_PL/show_coin?coin_id=401
